50855,-6.4487e+05,1.2601
51031,-6.4492e+05,1.2558
51155,-6.4488e+05,1.2543
51243,-6.4487e+05,1.2559
51296,-6.4485e+05,1.2605
51367,-6.4485e+05,1.2672
51419,-6.4481e+05,1.2755
51525,-6.4478e+05,1.285
51614,-6.4476e+05,1.2956
51666,-6.4474e+05,1.3072
51719,-6.4471e+05,1.3195
51772,-6.4469e+05,1.3322
51825,-6.4467e+05,1.3458
51913,-6.4467e+05,1.361
51966,-6.4467e+05,1.3781
52037,-6.4471e+05,1.3972
52072,-6.4476e+05,1.4147
52107,-6.4483e+05,1.4303
52143,-6.4488e+05,1.4437
52160,-6.4494e+05,1.4545
52178,-6.4499e+05,1.4623
52213,-6.4504e+05,1.4667
52213,-6.451e+05,1.4684
52231,-6.4515e+05,1.468
52284,-6.452e+05,1.4661
52372,-6.4527e+05,1.4633
52372,-6.4532e+05,1.4599
52372,-6.4538e+05,1.4563
52372,-6.4543e+05,1.453
52425,-6.4548e+05,1.4502
52531,-6.4557e+05,1.4476
52601,-6.4566e+05,1.4447
52654,-6.4571e+05,1.4415
52707,-6.4578e+05,1.4401
52778,-6.4587e+05,1.4405
52866,-6.4594e+05,1.443
52919,-6.4598e+05,1.448
53025,-6.4601e+05,1.4554
53095,-6.4607e+05,1.4651
53148,-6.4608e+05,1.4767
53201,-6.461e+05,1.4895
53289,-6.4617e+05,1.5029
53360,-6.4619e+05,1.516
53413,-6.4619e+05,1.5279
53554,-6.4621e+05,1.5383
53624,-6.4624e+05,1.547
53677,-6.4624e+05,1.5536
53836,-6.4628e+05,1.5584
53889,-6.4628e+05,1.5619
53959,-6.4628e+05,1.5642
54012,-6.4628e+05,1.5656
54083,-6.4621e+05,1.5659
54136,-6.4615e+05,1.5651
54171,-6.461e+05,1.5628
54206,-6.4605e+05,1.5591
54242,-6.4599e+05,1.5542
54348,-6.4596e+05,1.5487
54471,-6.4594e+05,1.5431
54559,-6.4594e+05,1.538
54612,-6.4592e+05,1.5339
54736,-6.458e+05,1.5312
54771,-6.4575e+05,1.5302
54877,-6.4569e+05,1.531
55141,-6.4575e+05,1.5334
55247,-6.458e+05,1.5376
55388,-6.4582e+05,1.5431
55547,-6.4584e+05,1.5495
55600,-6.4584e+05,1.5566
55706,-6.4582e+05,1.564
55812,-6.4575e+05,1.5716
55953,-6.4566e+05,1.58
56059,-6.4564e+05,1.5893
56182,-6.4557e+05,1.5996
56305,-6.455e+05,1.6108
56376,-6.4541e+05,1.6225
56429,-6.4531e+05,1.6343
56482,-6.4518e+05,1.6462
56482,-6.4508e+05,1.6584
56482,-6.4495e+05,1.6707
56482,-6.4485e+05,1.6828
56411,-6.4472e+05,1.6946
56341,-6.4462e+05,1.7059
56235,-6.4451e+05,1.7168
56094,-6.4439e+05,1.7275
55864,-6.4418e+05,1.7388
55776,-6.4407e+05,1.7511
55688,-6.4397e+05,1.7651
55635,-6.4386e+05,1.7808
55565,-6.4377e+05,1.7985
55547,-6.4354e+05,1.8178
55547,-6.4345e+05,1.838
55547,-6.4337e+05,1.8587
55565,-6.4331e+05,1.8794
55600,-6.4324e+05,1.8996
55635,-6.4315e+05,1.9189
55706,-6.4307e+05,1.9369
55741,-6.4294e+05,1.9539
55794,-6.4289e+05,1.9701
55882,-6.4284e+05,1.9855
55970,-6.4278e+05,2.0002
56041,-6.427e+05,2.0138
56094,-6.4266e+05,2.0255
56147,-6.4256e+05,2.0346
56235,-6.4243e+05,2.0404
56253,-6.4238e+05,2.0417
56305,-6.4236e+05,2.0379
56376,-6.4233e+05,2.0288
56535,-6.4229e+05,2.0153
56641,-6.4227e+05,1.9982
56746,-6.4227e+05,1.9784
56870,-6.4224e+05,1.9568
56940,-6.4222e+05,1.934
57064,-6.422e+05,1.9106
57134,-6.4218e+05,1.8865
57240,-6.4215e+05,1.8616
57346,-6.4211e+05,1.8359
57470,-6.4204e+05,1.8094
57593,-6.4201e+05,1.7825
57699,-6.4197e+05,1.7559
57805,-6.4196e+05,1.7303
57893,-6.4192e+05,1.7064
57999,-6.4185e+05,1.6851
58105,-6.4173e+05,1.6675
58175,-6.4162e+05,1.6538
58210,-6.4153e+05,1.6441
58228,-6.4144e+05,1.6385
58246,-6.4134e+05,1.6362
58246,-6.4123e+05,1.6366
58246,-6.4113e+05,1.6394
58228,-6.4107e+05,1.6444
58175,-6.41e+05,1.6513
58122,-6.4095e+05,1.6606
58034,-6.4088e+05,1.6726
57946,-6.4083e+05,1.6874
57893,-6.4079e+05,1.7045
57769,-6.4072e+05,1.7235
57664,-6.4069e+05,1.7439
57593,-6.4065e+05,1.7653
57540,-6.4063e+05,1.7872
57487,-6.4061e+05,1.8093
57434,-6.4058e+05,1.8309
57417,-6.4053e+05,1.851
57364,-6.4051e+05,1.8688
57329,-6.4042e+05,1.8846
57276,-6.4035e+05,1.8986
57223,-6.4028e+05,1.9109
57152,-6.4019e+05,1.9217
57064,-6.4009e+05,1.9311
57011,-6.4e+05,1.9387
56940,-6.3989e+05,1.9445
56905,-6.3982e+05,1.9486
56870,-6.3973e+05,1.951
56835,-6.3968e+05,1.9518
56799,-6.3959e+05,1.9509
56746,-6.395e+05,1.9478
56694,-6.3947e+05,1.9425
56605,-6.3942e+05,1.9347
56535,-6.3938e+05,1.9246
56429,-6.3936e+05,1.9131
56376,-6.3936e+05,1.9011
56288,-6.3936e+05,1.8886
56200,-6.3936e+05,1.8759
56129,-6.3936e+05,1.8631
56023,-6.3936e+05,1.8502
56006,-6.3942e+05,1.8377
56129,-6.397e+05,1.8256
56182,-6.398e+05,1.8138
56200,-6.3987e+05,1.8015
56217,-6.3994e+05,1.7883
56235,-6.4002e+05,1.7745
56235,-6.4007e+05,1.7606
56200,-6.4016e+05,1.7474
56111,-6.4023e+05,1.7351
55812,-6.4028e+05,1.7241
55670,-6.403e+05,1.7146
55618,-6.403e+05,1.7066
55512,-6.4023e+05,1.7
55459,-6.4017e+05,1.6942
55353,-6.401e+05,1.6884
55282,-6.4007e+05,1.6822
55194,-6.4003e+05,1.6751
55071,-6.4003e+05,1.6662
54965,-6.4003e+05,1.6558
54894,-6.4005e+05,1.644
54806,-6.401e+05,1.6323
54771,-6.4017e+05,1.6214
54753,-6.4026e+05,1.6111
54771,-6.4037e+05,1.6013
54841,-6.4046e+05,1.5918
54859,-6.4051e+05,1.5832
54859,-6.4056e+05,1.5758
54859,-6.4063e+05,1.5697
54824,-6.407e+05,1.5643
54771,-6.4077e+05,1.5596
54683,-6.4088e+05,1.5561
54612,-6.4095e+05,1.5542
54559,-6.4102e+05,1.5543
54489,-6.4104e+05,1.5567
54383,-6.4106e+05,1.5619
54277,-6.4104e+05,1.5696
54224,-6.4102e+05,1.5794
54154,-6.4097e+05,1.5898
54118,-6.4091e+05,1.6006
54048,-6.4086e+05,1.6116
53995,-6.4083e+05,1.623
53942,-6.4077e+05,1.6346
53854,-6.4077e+05,1.6459
53801,-6.4077e+05,1.6561
53713,-6.4077e+05,1.6645
53466,-6.4074e+05,1.6712
53342,-6.407e+05,1.676
53236,-6.4065e+05,1.679
53130,-6.4058e+05,1.6806
53078,-6.4054e+05,1.681
53025,-6.4051e+05,1.6803
52989,-6.4044e+05,1.6783
52884,-6.4037e+05,1.6749
52831,-6.4033e+05,1.6705
52725,-6.4031e+05,1.6657
52619,-6.4028e+05,1.6606
52495,-6.4023e+05,1.6552
52425,-6.4021e+05,1.6492
52354,-6.4016e+05,1.6423
52284,-6.4012e+05,1.6344
52249,-6.4007e+05,1.6258
52160,-6.3998e+05,1.6172
52107,-6.3993e+05,1.6094
52090,-6.3982e+05,1.6027
52090,-6.3977e+05,1.5971
52196,-6.397e+05,1.5924
52266,-6.3963e+05,1.5884
52390,-6.3954e+05,1.5853
52495,-6.3945e+05,1.5835
52584,-6.3938e+05,1.5834
52672,-6.3931e+05,1.5848
52778,-6.3926e+05,1.5874
52884,-6.3922e+05,1.5909
52936,-6.3922e+05,1.5948
52989,-6.3912e+05,1.5992
52989,-6.3906e+05,1.6046
53007,-6.3896e+05,1.6113
53007,-6.3887e+05,1.6194
53007,-6.3876e+05,1.6286
53007,-6.3867e+05,1.6383
52954,-6.3857e+05,1.6483
52901,-6.3848e+05,1.6585
52866,-6.3841e+05,1.6683
52831,-6.3836e+05,1.6773
52813,-6.383e+05,1.6845
52760,-6.3823e+05,1.6892
52707,-6.3815e+05,1.6911
52637,-6.3804e+05,1.6906
52619,-6.3797e+05,1.688
52601,-6.379e+05,1.6839
52601,-6.3783e+05,1.6789
52619,-6.3777e+05,1.6732
52689,-6.3769e+05,1.667
52831,-6.3756e+05,1.6605
52919,-6.3751e+05,1.6537
52989,-6.3744e+05,1.6466
53025,-6.3739e+05,1.6387
53060,-6.3733e+05,1.6298
53095,-6.3725e+05,1.6196
53113,-6.3714e+05,1.6083
53113,-6.3705e+05,1.5965
53113,-6.3693e+05,1.585
53095,-6.3682e+05,1.5743
53060,-6.3673e+05,1.5647
53007,-6.367e+05,1.5566
52936,-6.3663e+05,1.5499
52848,-6.3656e+05,1.5447
52742,-6.3649e+05,1.5407
52637,-6.364e+05,1.5374
52548,-6.3633e+05,1.5346
52513,-6.3628e+05,1.5318
52460,-6.3622e+05,1.5287
52407,-6.3621e+05,1.5255
52249,-6.361e+05,1.5231
52160,-6.3603e+05,1.5221
52090,-6.3601e+05,1.5231
52002,-6.3594e+05,1.5263
51896,-6.3587e+05,1.5318
51843,-6.3582e+05,1.5393
51790,-6.3576e+05,1.549
51737,-6.3571e+05,1.5604
51719,-6.3564e+05,1.573
51702,-6.3555e+05,1.5862
51702,-6.3546e+05,1.5999
51702,-6.3538e+05,1.6141
51719,-6.3527e+05,1.6286
51755,-6.3518e+05,1.6436
51772,-6.3506e+05,1.6588
51772,-6.3497e+05,1.6747
51772,-6.3488e+05,1.6908
51719,-6.3481e+05,1.7063
51702,-6.3472e+05,1.721
51614,-6.3462e+05,1.7344
51561,-6.3453e+05,1.7463
51543,-6.3444e+05,1.7567
51543,-6.3434e+05,1.7659
51614,-6.3425e+05,1.7733
51719,-6.3414e+05,1.7787
51825,-6.3404e+05,1.7822
51931,-6.3393e+05,1.7837
52002,-6.3386e+05,1.7831
52019,-6.3379e+05,1.7809
52054,-6.3368e+05,1.7772
52072,-6.3338e+05,1.7727
52072,-6.3324e+05,1.7672
52037,-6.3312e+05,1.7608
52019,-6.3299e+05,1.7542
51949,-6.3289e+05,1.7479
51896,-6.3278e+05,1.7422
51860,-6.3269e+05,1.7374
51843,-6.3262e+05,1.7331
51843,-6.3252e+05,1.7292
51860,-6.3243e+05,1.7251
51913,-6.3234e+05,1.7213
51966,-6.3227e+05,1.7188
52002,-6.3222e+05,1.7177
52072,-6.3213e+05,1.7182
52143,-6.3206e+05,1.7199
52213,-6.3201e+05,1.7228
52266,-6.3197e+05,1.7261
52319,-6.3194e+05,1.729
52407,-6.3169e+05,1.7316
52425,-6.3162e+05,1.7339
52425,-6.3155e+05,1.7353
52443,-6.315e+05,1.7357
52443,-6.3144e+05,1.735
52443,-6.3139e+05,1.7332
52443,-6.3134e+05,1.7304
52443,-6.3128e+05,1.7268
52407,-6.3123e+05,1.7226
52390,-6.3118e+05,1.7176
52372,-6.3112e+05,1.7111
52460,-6.31e+05,1.7037
52601,-6.309e+05,1.6956
52689,-6.3086e+05,1.6873
52778,-6.3083e+05,1.679
52831,-6.3083e+05,1.6713
52901,-6.3079e+05,1.665
52954,-6.3074e+05,1.6606
53007,-6.3072e+05,1.6585
53060,-6.3065e+05,1.6588
53095,-6.306e+05,1.6609
53095,-6.3054e+05,1.6641
53078,-6.3047e+05,1.6684
53025,-6.3042e+05,1.6737
53025,-6.3033e+05,1.6802
53025,-6.3028e+05,1.6878
53025,-6.3023e+05,1.6966
53007,-6.3017e+05,1.7066
53007,-6.3012e+05,1.7174
53060,-6.2994e+05,1.7288
53042,-6.2982e+05,1.7408
53042,-6.2975e+05,1.753
53078,-6.297e+05,1.7651
53113,-6.2964e+05,1.7768
53219,-6.2957e+05,1.7878
53272,-6.2956e+05,1.7971
53377,-6.2948e+05,1.8043
53430,-6.2945e+05,1.8101
53483,-6.2943e+05,1.8153
53519,-6.2938e+05,1.8201
53554,-6.2931e+05,1.8242
53607,-6.2924e+05,1.8276
53642,-6.2918e+05,1.83
53695,-6.2917e+05,1.8314
53765,-6.2913e+05,1.8311
53836,-6.2908e+05,1.8287
53907,-6.2904e+05,1.8239
53959,-6.2903e+05,1.8169
54012,-6.2899e+05,1.8078
54118,-6.2899e+05,1.7966
54206,-6.2897e+05,1.7831
54259,-6.2897e+05,1.7673
54348,-6.2901e+05,1.7502
54400,-6.2901e+05,1.7323
54489,-6.2903e+05,1.7136
54877,-6.2906e+05,1.6934
54877,-6.2911e+05,1.6722
54877,-6.292e+05,1.6504
54877,-6.2926e+05,1.6283
54930,-6.2931e+05,1.6059
54983,-6.294e+05,1.5834
55035,-6.2947e+05,1.5616
55071,-6.2952e+05,1.5412
55106,-6.2961e+05,1.5228
55141,-6.2966e+05,1.5065
55194,-6.2971e+05,1.4925
55300,-6.2977e+05,1.4806
55371,-6.2982e+05,1.4709
55441,-6.2989e+05,1.4631
55494,-6.2993e+05,1.4567
55547,-6.2994e+05,1.4514
55600,-6.2994e+05,1.4475
55688,-6.2982e+05,1.4452
55688,-6.297e+05,1.4441
55688,-6.2963e+05,1.4438
55688,-6.2954e+05,1.4442
55723,-6.2945e+05,1.4453
55794,-6.2933e+05,1.4476
55864,-6.2922e+05,1.4508
55935,-6.2913e+05,1.4545
56006,-6.2913e+05,1.4581
56094,-6.2911e+05,1.4615
56200,-6.2917e+05,1.465
56305,-6.2922e+05,1.4682
56394,-6.2933e+05,1.4714
56411,-6.2945e+05,1.4751
56482,-6.2956e+05,1.4791
56535,-6.2966e+05,1.4832
56623,-6.2977e+05,1.4868
56711,-6.2985e+05,1.49
56817,-6.2994e+05,1.4931
56870,-6.2996e+05,1.4968
56940,-6.2996e+05,1.5004
57099,-6.2996e+05,1.5033
57258,-6.2993e+05,1.505
57399,-6.2984e+05,1.5053
57487,-6.298e+05,1.5046
57593,-6.2973e+05,1.503
57805,-6.2959e+05,1.5006
57875,-6.2952e+05,1.4967
57946,-6.2945e+05,1.4922
58016,-6.2934e+05,1.4872
58069,-6.2924e+05,1.4817
58105,-6.2904e+05,1.4765
58052,-6.2885e+05,1.4718
57981,-6.2876e+05,1.4679
57928,-6.2866e+05,1.4644
57840,-6.2855e+05,1.4609
57769,-6.2848e+05,1.4564
57681,-6.2837e+05,1.4524
57575,-6.283e+05,1.4497
57470,-6.2821e+05,1.4486
57364,-6.2813e+05,1.4491
57293,-6.28e+05,1.4507
57258,-6.2791e+05,1.453
57240,-6.2784e+05,1.4558
57205,-6.2776e+05,1.4591
57152,-6.2767e+05,1.4625
57082,-6.2754e+05,1.4657
57029,-6.2744e+05,1.4684
56976,-6.2735e+05,1.4702
56976,-6.2728e+05,1.4714
56958,-6.2721e+05,1.4722
56940,-6.2709e+05,1.473
56923,-6.2698e+05,1.4741
56888,-6.2686e+05,1.476
56817,-6.2666e+05,1.4777
56782,-6.2657e+05,1.4794
56764,-6.2649e+05,1.4814
56729,-6.264e+05,1.4842
56694,-6.2631e+05,1.4883
56588,-6.261e+05,1.4942
56570,-6.2599e+05,1.5021
56535,-6.2587e+05,1.5121
56482,-6.2564e+05,1.5244
56482,-6.2534e+05,1.5391
56482,-6.2522e+05,1.5559
56482,-6.2511e+05,1.5747
56482,-6.2499e+05,1.595
56482,-6.2492e+05,1.6163
56517,-6.2486e+05,1.6388
56552,-6.2479e+05,1.6623
56658,-6.2467e+05,1.6872
56782,-6.2453e+05,1.7133
56852,-6.2437e+05,1.7403
56888,-6.2425e+05,1.7671
56888,-6.2414e+05,1.7931
56852,-6.2398e+05,1.8182
56817,-6.2388e+05,1.842
56746,-6.2377e+05,1.8647
56658,-6.2368e+05,1.8859
56535,-6.2361e+05,1.9053
56376,-6.235e+05,1.9223
56288,-6.2345e+05,1.9372
56200,-6.234e+05,1.9501
56111,-6.2331e+05,1.9612
56023,-6.2321e+05,1.9707
55917,-6.2305e+05,1.9787
55794,-6.2285e+05,1.9847
55776,-6.2266e+05,1.9885
55847,-6.2253e+05,1.9894
55917,-6.2245e+05,1.988
55988,-6.2231e+05,1.9849
56023,-6.2215e+05,1.9805
56006,-6.2201e+05,1.9747
55988,-6.2194e+05,1.9678
55935,-6.2183e+05,1.9598
55882,-6.2171e+05,1.9512
55864,-6.2162e+05,1.9424
55864,-6.2149e+05,1.9342
55864,-6.2139e+05,1.9265
55900,-6.2126e+05,1.9195
55935,-6.2116e+05,1.9129
55953,-6.2107e+05,1.9062
55970,-6.2098e+05,1.8993
55970,-6.2089e+05,1.8921
55970,-6.2077e+05,1.8852
55970,-6.2065e+05,1.8791
55970,-6.2054e+05,1.8737
55917,-6.2042e+05,1.869
55864,-6.2031e+05,1.8652
55794,-6.2021e+05,1.862
55723,-6.2012e+05,1.8594
55670,-6.2001e+05,1.857
55618,-6.1991e+05,1.8547
55600,-6.198e+05,1.8527
55582,-6.1969e+05,1.8509
55582,-6.1959e+05,1.8495
55653,-6.1948e+05,1.8486
55776,-6.1929e+05,1.8485
55864,-6.1918e+05,1.8494
55917,-6.1911e+05,1.8518
55970,-6.1901e+05,1.8558
55988,-6.189e+05,1.8615
56006,-6.1881e+05,1.8688
56006,-6.1871e+05,1.8776
56006,-6.1864e+05,1.8878
55917,-6.1853e+05,1.899
55900,-6.1846e+05,1.9108
55847,-6.1837e+05,1.9231
55776,-6.183e+05,1.9358
55688,-6.1823e+05,1.9485
55600,-6.1814e+05,1.9606
55529,-6.1805e+05,1.9718
55494,-6.1797e+05,1.9818
55406,-6.179e+05,1.9906
55335,-6.1784e+05,1.9987
55265,-6.1777e+05,2.0062
55177,-6.1774e+05,2.0132
55124,-6.1772e+05,2.0193
55000,-6.1774e+05,2.0241
54894,-6.1774e+05,2.0272
54806,-6.1774e+05,2.0286
54683,-6.1774e+05,2.028
54630,-6.1775e+05,2.0256
54542,-6.1788e+05,2.0221
54524,-6.1795e+05,2.0181
54524,-6.1802e+05,2.0145
54542,-6.1809e+05,2.0114
54542,-6.1816e+05,2.0091
54559,-6.1823e+05,2.0079
54559,-6.1832e+05,2.0078
54559,-6.1839e+05,2.0085
54542,-6.1848e+05,2.0094
54524,-6.1855e+05,2.0099
54400,-6.1869e+05,2.0096
54295,-6.1874e+05,2.0086
54224,-6.1881e+05,2.0072
54136,-6.1888e+05,2.0057
54083,-6.1894e+05,2.0041
53977,-6.1899e+05,2.0025
53854,-6.1901e+05,2.0009
53730,-6.1901e+05,1.9993
53571,-6.1901e+05,1.9971
53519,-6.1901e+05,1.9936
53430,-6.1901e+05,1.9891
53307,-6.1902e+05,1.9836
53166,-6.1902e+05,1.9774
53060,-6.1901e+05,1.971
52954,-6.1899e+05,1.9642
52901,-6.1897e+05,1.957
52795,-6.1897e+05,1.9505
52742,-6.1901e+05,1.9449
52637,-6.1908e+05,1.94
52566,-6.1915e+05,1.9356
52548,-6.1929e+05,1.9316
52566,-6.1938e+05,1.9279
52584,-6.1943e+05,1.9245
52584,-6.1948e+05,1.9215
52637,-6.1957e+05,1.9185
52672,-6.1962e+05,1.916
52689,-6.1969e+05,1.9143
52689,-6.1975e+05,1.9134
52689,-6.1982e+05,1.9129
52689,-6.1989e+05,1.9125
52689,-6.1996e+05,1.9115
52689,-6.2001e+05,1.9102
52601,-6.2008e+05,1.9084
52495,-6.2014e+05,1.9056
52407,-6.2017e+05,1.9017
52231,-6.2019e+05,1.8971
52054,-6.2019e+05,1.8922
51984,-6.2021e+05,1.8872
51913,-6.2029e+05,1.8825
51825,-6.2037e+05,1.8782
51719,-6.2047e+05,1.8745
51649,-6.2056e+05,1.8715
51596,-6.2059e+05,1.8688
51543,-6.2065e+05,1.8662
51472,-6.2074e+05,1.8632
51455,-6.2079e+05,1.8603
51455,-6.2084e+05,1.8574
51437,-6.2089e+05,1.8547
51437,-6.2096e+05,1.8521
51402,-6.2105e+05,1.8498
51367,-6.2118e+05,1.8483
51314,-6.2126e+05,1.8477
51261,-6.2134e+05,1.8483
51225,-6.2141e+05,1.8498
51173,-6.2144e+05,1.8518
51120,-6.2146e+05,1.854
51049,-6.2146e+05,1.8559
50996,-6.2146e+05,1.8571
50943,-6.2146e+05,1.8572
50837,-6.2141e+05,1.8564
50784,-6.2139e+05,1.8548
50696,-6.2135e+05,1.8524
50661,-6.2128e+05,1.8492
50608,-6.2125e+05,1.8457
50555,-6.2118e+05,1.8424
50520,-6.2112e+05,1.8396
50467,-6.2105e+05,1.8371
50396,-6.2095e+05,1.8344
50344,-6.2091e+05,1.8305
50291,-6.2088e+05,1.8246
50238,-6.2084e+05,1.8166
50061,-6.2074e+05,1.8067
49991,-6.207e+05,1.7952
49920,-6.2063e+05,1.782
49867,-6.2059e+05,1.7684
49814,-6.2054e+05,1.7548
49709,-6.2049e+05,1.7417
49620,-6.2045e+05,1.7294
49567,-6.204e+05,1.7181
49497,-6.2029e+05,1.7081
49444,-6.2021e+05,1.6986
49409,-6.2014e+05,1.6891
49356,-6.2007e+05,1.6792
49303,-6.1999e+05,1.6692
49232,-6.1992e+05,1.6601
49179,-6.1987e+05,1.6526
49091,-6.198e+05,1.6474
49003,-6.1971e+05,1.6444
48932,-6.1961e+05,1.6437
48879,-6.1955e+05,1.6452
48791,-6.1954e+05,1.6488
48580,-6.1957e+05,1.6536
48474,-6.1961e+05,1.6593
48421,-6.1961e+05,1.6653
48315,-6.1961e+05,1.6714
48227,-6.1955e+05,1.6774
48174,-6.1954e+05,1.6828
48121,-6.1948e+05,1.6884
48068,-6.194e+05,1.6945
48033,-6.1929e+05,1.7015
47962,-6.1918e+05,1.709
47892,-6.191e+05,1.7159
47821,-6.1902e+05,1.722
47733,-6.1901e+05,1.7275
47592,-6.1899e+05,1.7328
47345,-6.1895e+05,1.738
47292,-6.1892e+05,1.743
47274,-6.1885e+05,1.7474
47323,-6.1859e+05,1.7515
47323,-6.1854e+05,1.7552
47295,-6.1849e+05,1.7587
47295,-6.1844e+05,1.7619
47309,-6.1838e+05,1.7649
47351,-6.1835e+05,1.7676
47365,-6.183e+05,1.7697
47393,-6.1823e+05,1.771
47422,-6.1817e+05,1.7704
47436,-6.1808e+05,1.7681
47450,-6.1803e+05,1.7644
47492,-6.1796e+05,1.7592
47506,-6.179e+05,1.7523
47506,-6.1779e+05,1.7435
47351,-6.1759e+05,1.7324
47266,-6.1752e+05,1.7197
47196,-6.1748e+05,1.7059
47125,-6.1742e+05,1.6915
47055,-6.1737e+05,1.6768
46970,-6.1731e+05,1.6621
46900,-6.1724e+05,1.6476
46815,-6.1715e+05,1.6336
46744,-6.1707e+05,1.6198
46674,-6.17e+05,1.606
46660,-6.1691e+05,1.5923
46674,-6.1686e+05,1.5797
46702,-6.1677e+05,1.5684
46730,-6.1673e+05,1.5589
46744,-6.1667e+05,1.5515
46773,-6.166e+05,1.5464
46843,-6.1653e+05,1.5434
46914,-6.1645e+05,1.5426
46956,-6.1636e+05,1.5437
46956,-6.1628e+05,1.5464
46914,-6.1619e+05,1.5502
46829,-6.161e+05,1.5548
46758,-6.1601e+05,1.5598
46744,-6.1593e+05,1.5648
46702,-6.1584e+05,1.569
46660,-6.1578e+05,1.573
46603,-6.1574e+05,1.5771
46533,-6.1566e+05,1.5813
46490,-6.156e+05,1.5855
46490,-6.1554e+05,1.5897
46462,-6.1549e+05,1.5934
46448,-6.154e+05,1.5962
46448,-6.153e+05,1.5979
46420,-6.1525e+05,1.5987
46377,-6.1516e+05,1.5985
46349,-6.1509e+05,1.5978
46293,-6.1504e+05,1.5967
46222,-6.149e+05,1.5956
46138,-6.147e+05,1.5947
46208,-6.146e+05,1.5941
46250,-6.1456e+05,1.594
46250,-6.1449e+05,1.5953
46236,-6.1442e+05,1.5979
46194,-6.1433e+05,1.6019
46095,-6.1425e+05,1.607
46011,-6.1416e+05,1.6129
45940,-6.1413e+05,1.6191
45869,-6.1408e+05,1.6258
45785,-6.1401e+05,1.6329
45700,-6.1395e+05,1.6406
45615,-6.1388e+05,1.6494
45545,-6.1381e+05,1.6588
45503,-6.1375e+05,1.6685
45446,-6.1368e+05,1.6782
45390,-6.1364e+05,1.6878
45319,-6.1358e+05,1.6971
45277,-6.1351e+05,1.7061
45234,-6.1346e+05,1.7147
45178,-6.1337e+05,1.7227
45150,-6.133e+05,1.7293
45107,-6.1324e+05,1.734
45065,-6.1316e+05,1.7371
44938,-6.1302e+05,1.7385
44825,-6.1288e+05,1.7387
44783,-6.1285e+05,1.7378
44712,-6.1276e+05,1.736
44628,-6.1269e+05,1.7334
44571,-6.1262e+05,1.7295
44529,-6.1255e+05,1.7252
44501,-6.1251e+05,1.7204
44487,-6.1245e+05,1.7151
44472,-6.124e+05,1.709
44444,-6.1234e+05,1.7021
44416,-6.123e+05,1.6949
44388,-6.1226e+05,1.6872
44331,-6.122e+05,1.6788
44275,-6.1217e+05,1.6706
44247,-6.1212e+05,1.663
44218,-6.1207e+05,1.6561
44162,-6.1203e+05,1.6502
44091,-6.1195e+05,1.6451
44035,-6.1186e+05,1.6409
43950,-6.1178e+05,1.6373
43922,-6.1172e+05,1.634
43880,-6.1169e+05,1.631
43823,-6.1164e+05,1.6275
43767,-6.1159e+05,1.6239
43682,-6.1152e+05,1.62
43612,-6.1145e+05,1.6156
43527,-6.114e+05,1.6106
43485,-6.1135e+05,1.6044
43344,-6.1125e+05,1.5971
43245,-6.1125e+05,1.589
43132,-6.1121e+05,1.5803
43061,-6.1118e+05,1.5711
43019,-6.1116e+05,1.5619
42934,-6.111e+05,1.5525
42864,-6.1103e+05,1.5433
42821,-6.1096e+05,1.5344
42779,-6.1093e+05,1.526
42751,-6.1087e+05,1.5189
42694,-6.1086e+05,1.513
42596,-6.1085e+05,1.5084
42511,-6.1082e+05,1.5046
42440,-6.1078e+05,1.5026
42356,-6.1069e+05,1.5025
42285,-6.1061e+05,1.5047
42229,-6.1056e+05,1.5094
42172,-6.1056e+05,1.5163
42102,-6.1056e+05,1.525
41932,-6.1059e+05,1.5347
41862,-6.1062e+05,1.5449
41735,-6.1063e+05,1.5552
41594,-6.1068e+05,1.5653
41495,-6.1072e+05,1.5748
41439,-6.107e+05,1.5832
41382,-6.1068e+05,1.5899
41297,-6.1065e+05,1.5939
41227,-6.1059e+05,1.5961
41185,-6.1055e+05,1.5969
41142,-6.1051e+05,1.5967
41114,-6.1046e+05,1.5951
41058,-6.1045e+05,1.592
40987,-6.1037e+05,1.5873
40945,-6.1032e+05,1.5812
40902,-6.1028e+05,1.5739
40818,-6.1021e+05,1.5658
40775,-6.1018e+05,1.5574
40733,-6.1014e+05,1.5489
40677,-6.1008e+05,1.5401
40634,-6.1001e+05,1.5313
40592,-6.0997e+05,1.5228
40550,-6.0993e+05,1.5151
40465,-6.0993e+05,1.5087
40366,-6.0993e+05,1.504
40281,-6.0993e+05,1.5004
40126,-6.099e+05,1.4974
40056,-6.0987e+05,1.4943
40013,-6.0984e+05,1.491
39929,-6.0984e+05,1.4878
39858,-6.0982e+05,1.4846
39802,-6.098e+05,1.4817
39646,-6.0976e+05,1.479
39604,-6.0973e+05,1.4763
39534,-6.097e+05,1.4735
39449,-6.0963e+05,1.4712
39392,-6.096e+05,1.4695
39251,-6.0955e+05,1.4686
39209,-6.0952e+05,1.4681
39124,-6.0949e+05,1.4678
39054,-6.0945e+05,1.4675
38997,-6.0943e+05,1.4673
38955,-6.0939e+05,1.4673
38870,-6.0932e+05,1.468
38814,-6.0931e+05,1.4699
38715,-6.0932e+05,1.4733
38532,-6.0935e+05,1.4778
38475,-6.0935e+05,1.4833
38376,-6.0935e+05,1.4898
38235,-6.0932e+05,1.4971
38165,-6.0929e+05,1.5054
38122,-6.0927e+05,1.5147
38052,-6.0922e+05,1.5246
37981,-6.0915e+05,1.5352
37925,-6.091e+05,1.5466
37911,-6.0904e+05,1.5589
37911,-6.0894e+05,1.5722
37741,-6.0886e+05,1.5864
37713,-6.089e+05,1.6011
37657,-6.0894e+05,1.6158
37572,-6.0898e+05,1.63
37502,-6.0901e+05,1.643
37445,-6.0903e+05,1.6552
37375,-6.0903e+05,1.6664
37304,-6.0904e+05,1.6767
37262,-6.0907e+05,1.6863
37177,-6.0912e+05,1.6954
37121,-6.0912e+05,1.7036
37036,-6.091e+05,1.7108
36951,-6.091e+05,1.7167
36895,-6.091e+05,1.7209
36838,-6.091e+05,1.7232
36754,-6.091e+05,1.7237
36697,-6.091e+05,1.7225
36627,-6.091e+05,1.7195
36556,-6.0908e+05,1.7151
36514,-6.0905e+05,1.7099
36429,-6.0904e+05,1.7046
36373,-6.0901e+05,1.6998
36302,-6.0898e+05,1.6945
36288,-6.0893e+05,1.6895
36246,-6.0886e+05,1.6845
36217,-6.0881e+05,1.6795
36161,-6.0881e+05,1.6741
36105,-6.0883e+05,1.6685
36062,-6.0886e+05,1.6629
36034,-6.089e+05,1.6577
36006,-6.0894e+05,1.6532
35992,-6.0901e+05,1.6492
35963,-6.0905e+05,1.6451
35935,-6.091e+05,1.6404
35865,-6.0917e+05,1.6351
35836,-6.0922e+05,1.6292
35498,-6.0924e+05,1.6223
35427,-6.0924e+05,1.6144
35371,-6.0924e+05,1.605
35314,-6.0925e+05,1.5948
35201,-6.0925e+05,1.5842
35145,-6.0925e+05,1.573
35103,-6.0928e+05,1.5611
35103,-6.0929e+05,1.549
34962,-6.0927e+05,1.5368
34905,-6.0927e+05,1.5248
34849,-6.0927e+05,1.5125
34764,-6.0934e+05,1.4998
34722,-6.0938e+05,1.4871
34679,-6.0942e+05,1.4752
34665,-6.0948e+05,1.4647
34651,-6.0953e+05,1.4558
34623,-6.0963e+05,1.4487
34623,-6.097e+05,1.4437
34623,-6.0976e+05,1.4407
34623,-6.0982e+05,1.4396
34637,-6.0987e+05,1.4398
34651,-6.0993e+05,1.4403
34651,-6.0998e+05,1.4415
34651,-6.1004e+05,1.4435
34651,-6.101e+05,1.4462
34651,-6.1015e+05,1.4493
34651,-6.1021e+05,1.4523
34623,-6.1037e+05,1.4554
34581,-6.1045e+05,1.4586
34552,-6.1051e+05,1.4617
34524,-6.1055e+05,1.4645
34496,-6.1059e+05,1.4672
34439,-6.1065e+05,1.4698
34411,-6.1069e+05,1.4722
34369,-6.1072e+05,1.4739
34341,-6.1079e+05,1.4746
34298,-6.1086e+05,1.4746
34256,-6.109e+05,1.4744
34228,-6.1096e+05,1.4747
34185,-6.1099e+05,1.4755
34157,-6.1104e+05,1.477
34129,-6.1109e+05,1.4789
34101,-6.1114e+05,1.4812
34087,-6.112e+05,1.4838
34073,-6.1125e+05,1.4868
34058,-6.1131e+05,1.4903
34058,-6.1137e+05,1.4945
34058,-6.1142e+05,1.4991
34058,-6.1148e+05,1.5034
34044,-6.1155e+05,1.507
34044,-6.1162e+05,1.51
34016,-6.1169e+05,1.5127
34016,-6.1175e+05,1.5158
34016,-6.1181e+05,1.5193
34016,-6.1186e+05,1.5234
33946,-6.1192e+05,1.5277
33861,-6.12e+05,1.5319
33804,-6.1205e+05,1.5352
33762,-6.1207e+05,1.5372
33720,-6.1212e+05,1.5379
33663,-6.1214e+05,1.5373
33607,-6.1219e+05,1.5355
33565,-6.1221e+05,1.5325
33522,-6.1227e+05,1.5285
33494,-6.1233e+05,1.5233
33452,-6.1237e+05,1.5175
33423,-6.1241e+05,1.5115
33381,-6.1244e+05,1.5054
33325,-6.1245e+05,1.4992
33240,-6.1245e+05,1.4923
33184,-6.1245e+05,1.4841
33028,-6.1248e+05,1.4742
32986,-6.1251e+05,1.4622
32958,-6.1255e+05,1.4487
32944,-6.1262e+05,1.435
32944,-6.1271e+05,1.4221
32915,-6.1281e+05,1.4107
32915,-6.1288e+05,1.4012
32915,-6.1295e+05,1.3932
32887,-6.1303e+05,1.3862
32873,-6.1309e+05,1.3799
32845,-6.1316e+05,1.3739
32817,-6.132e+05,1.3683
32788,-6.1326e+05,1.363
32746,-6.1329e+05,1.3577
32690,-6.1334e+05,1.3521
32647,-6.1339e+05,1.3466
32619,-6.1344e+05,1.3419
32577,-6.135e+05,1.3384
32534,-6.1358e+05,1.3363
32492,-6.1365e+05,1.3351
32464,-6.137e+05,1.334
32450,-6.1375e+05,1.3321
32422,-6.1381e+05,1.3292
32407,-6.1387e+05,1.3251
32407,-6.1394e+05,1.3202
32407,-6.1401e+05,1.3148
32436,-6.1405e+05,1.3095
32436,-6.1411e+05,1.3044
32436,-6.1416e+05,1.2994
32436,-6.1422e+05,1.2943
32436,-6.1427e+05,1.2894
32436,-6.1433e+05,1.2847
32436,-6.144e+05,1.2804
32464,-6.1446e+05,1.2764
32506,-6.1453e+05,1.2727
32591,-6.146e+05,1.2692
32661,-6.146e+05,1.2665
32718,-6.1463e+05,1.2652
32760,-6.1466e+05,1.2656
32803,-6.147e+05,1.2673
32817,-6.1475e+05,1.27
32845,-6.1483e+05,1.2742
32873,-6.1491e+05,1.2805
32887,-6.1497e+05,1.2895
32887,-6.1502e+05,1.3021
32873,-6.1508e+05,1.3179
32859,-6.1514e+05,1.3366
32817,-6.1519e+05,1.3579
32788,-6.1523e+05,1.3813
32760,-6.1528e+05,1.406
32718,-6.1532e+05,1.4314
32676,-6.1536e+05,1.457
32563,-6.1542e+05,1.4829
32450,-6.1545e+05,1.5084
32365,-6.1546e+05,1.5328
32323,-6.1549e+05,1.5557
32295,-6.1553e+05,1.5778
32280,-6.1559e+05,1.5991
32266,-6.1566e+05,1.619
32238,-6.157e+05,1.6364
32238,-6.158e+05,1.6499
32210,-6.1587e+05,1.6578
32196,-6.1594e+05,1.6605
32153,-6.1598e+05,1.6589
32139,-6.1605e+05,1.6535
32111,-6.161e+05,1.6453
32097,-6.1615e+05,1.6351
32055,-6.1618e+05,1.6236
32012,-6.1622e+05,1.6112
31956,-6.1628e+05,1.5983
31885,-6.1633e+05,1.585
31857,-6.1638e+05,1.5719
31829,-6.1642e+05,1.5592
31787,-6.1648e+05,1.5466
31758,-6.1652e+05,1.5338
31730,-6.1656e+05,1.5207
31730,-6.1662e+05,1.5084
31716,-6.1667e+05,1.4979
31702,-6.1673e+05,1.4901
31702,-6.1679e+05,1.485
31702,-6.1684e+05,1.4825
31674,-6.169e+05,1.482
31645,-6.1697e+05,1.483
31645,-6.1705e+05,1.4851
31631,-6.1713e+05,1.488
31645,-6.1721e+05,1.4913
31688,-6.1724e+05,1.4948
31730,-6.1728e+05,1.4979
31772,-6.1731e+05,1.5003
31815,-6.1738e+05,1.5018
31829,-6.1744e+05,1.5025
31829,-6.1749e+05,1.5031
31815,-6.1755e+05,1.5038
31801,-6.1762e+05,1.5043
31801,-6.1768e+05,1.5047
31787,-6.1773e+05,1.5048
31772,-6.1779e+05,1.5042
31744,-6.1783e+05,1.5026
31730,-6.1789e+05,1.5002
31730,-6.1797e+05,1.4972
31730,-6.1804e+05,1.4937
31730,-6.181e+05,1.4897
31702,-6.1821e+05,1.4851
31674,-6.1825e+05,1.4802
31631,-6.1828e+05,1.4754
31589,-6.1832e+05,1.4711
31533,-6.1834e+05,1.4676
31462,-6.1837e+05,1.4646
31391,-6.1837e+05,1.4615
31293,-6.1838e+05,1.4581
31236,-6.1838e+05,1.4542
31180,-6.1838e+05,1.4492
31095,-6.1845e+05,1.4441
31053,-6.1849e+05,1.4394
31053,-6.1856e+05,1.4355
31039,-6.1865e+05,1.4326
31039,-6.1871e+05,1.4304
31039,-6.1876e+05,1.4286
31039,-6.1882e+05,1.4271
31039,-6.1887e+05,1.4262
31039,-6.1893e+05,1.4259
31039,-6.1899e+05,1.426
31039,-6.1904e+05,1.4263
31039,-6.191e+05,1.4267
31039,-6.1916e+05,1.4275
31039,-6.1921e+05,1.4287
31053,-6.1927e+05,1.4305
31095,-6.1931e+05,1.4327
31109,-6.1937e+05,1.4353
31123,-6.1943e+05,1.4373
31123,-6.1948e+05,1.4382
31137,-6.1955e+05,1.438
31166,-6.1961e+05,1.4364
31166,-6.1968e+05,1.4336
31180,-6.1974e+05,1.43
31194,-6.1979e+05,1.4261
31194,-6.1985e+05,1.4216
31194,-6.1991e+05,1.4169
31208,-6.2e+05,1.4121
31250,-6.2009e+05,1.4072
31279,-6.2014e+05,1.4019
31307,-6.202e+05,1.3963
31335,-6.2024e+05,1.3905
31349,-6.2031e+05,1.3851
31377,-6.2041e+05,1.3804
31448,-6.2047e+05,1.3768
31462,-6.2053e+05,1.3741
31504,-6.2055e+05,1.3722
31533,-6.206e+05,1.3704
31561,-6.2064e+05,1.369
31589,-6.2068e+05,1.3681
31603,-6.2074e+05,1.3674
31603,-6.2079e+05,1.3671
31645,-6.2095e+05,1.3672
31660,-6.2102e+05,1.3676
31688,-6.2106e+05,1.3684
31716,-6.211e+05,1.3701
31730,-6.2116e+05,1.3728
31758,-6.2122e+05,1.3767
31787,-6.2127e+05,1.3813
31815,-6.2133e+05,1.3859
31871,-6.2134e+05,1.3899
31942,-6.2136e+05,1.3933
32041,-6.2134e+05,1.3968
32111,-6.213e+05,1.4011
32168,-6.213e+05,1.4072
32224,-6.213e+05,1.4147
32280,-6.2133e+05,1.4232
32337,-6.2134e+05,1.4324
32379,-6.2139e+05,1.4417
32464,-6.2146e+05,1.4506
32534,-6.215e+05,1.4588
32591,-6.2154e+05,1.4661
32619,-6.2158e+05,1.4721
32661,-6.2163e+05,1.4766
32690,-6.2167e+05,1.4802
32718,-6.2174e+05,1.4833
32746,-6.218e+05,1.4866
32746,-6.2185e+05,1.4907
32746,-6.2191e+05,1.4955
32746,-6.2198e+05,1.5003
32760,-6.2204e+05,1.504
32788,-6.2208e+05,1.5055
32845,-6.2213e+05,1.5049
32930,-6.2218e+05,1.5029
32972,-6.2221e+05,1.5
33028,-6.2223e+05,1.4967
33085,-6.2225e+05,1.4938
33141,-6.2225e+05,1.4916
33212,-6.2226e+05,1.4904
33282,-6.2226e+05,1.49
33339,-6.2225e+05,1.49
33395,-6.2223e+05,1.4898
33438,-6.2221e+05,1.4888
33466,-6.2216e+05,1.4865
33508,-6.2211e+05,1.4823
33593,-6.2205e+05,1.4762
33635,-6.2201e+05,1.4687
33692,-6.2201e+05,1.4608
33748,-6.2201e+05,1.4532
33804,-6.2201e+05,1.4461
33924,-6.2199e+05,1.4395
33991,-6.2201e+05,1.4334
34047,-6.2204e+05,1.4274
34092,-6.2209e+05,1.4215
34170,-6.2214e+05,1.4154
34226,-6.2218e+05,1.4086
34282,-6.2228e+05,1.4018
34304,-6.2234e+05,1.3954
34349,-6.2238e+05,1.3897
34450,-6.2238e+05,1.3849
34506,-6.2237e+05,1.3814
34561,-6.2238e+05,1.3793
34617,-6.2238e+05,1.3791
34684,-6.2238e+05,1.3804
34740,-6.2238e+05,1.3831
34796,-6.2238e+05,1.3866
34863,-6.2235e+05,1.391
34930,-6.2234e+05,1.3958
35008,-6.2232e+05,1.401
35064,-6.2231e+05,1.4064
35120,-6.2231e+05,1.4116
35165,-6.2228e+05,1.4164
35221,-6.2224e+05,1.4212
35154,-6.2214e+05,1.4255
35109,-6.2211e+05,1.4288
35087,-6.2204e+05,1.4314
35053,-6.2195e+05,1.4335
35042,-6.219e+05,1.4352
35031,-6.218e+05,1.4364
35031,-6.2173e+05,1.4366
35031,-6.2167e+05,1.4359
35042,-6.2162e+05,1.4341
35064,-6.2156e+05,1.4312
35120,-6.2156e+05,1.4275
35198,-6.2155e+05,1.4229
35254,-6.2155e+05,1.4175
35299,-6.2158e+05,1.4112
35344,-6.2163e+05,1.4048
35411,-6.2168e+05,1.3987
35455,-6.2175e+05,1.3929
35511,-6.2177e+05,1.3874
35556,-6.2182e+05,1.3819
35612,-6.2185e+05,1.3761
35657,-6.2189e+05,1.3694
35679,-6.2194e+05,1.3614
35724,-6.2197e+05,1.3519
35780,-6.2197e+05,1.3411
35835,-6.2191e+05,1.3297
35891,-6.2187e+05,1.3183
36003,-6.2187e+05,1.3071
36070,-6.2187e+05,1.296
36126,-6.2187e+05,1.285
36182,-6.2187e+05,1.2743
36249,-6.2191e+05,1.2642
36283,-6.2199e+05,1.2542
36283,-6.2204e+05,1.244
36327,-6.2214e+05,1.2333
36372,-6.2223e+05,1.2224
36405,-6.2229e+05,1.2119
36439,-6.2233e+05,1.2023
36495,-6.2237e+05,1.1938
36540,-6.224e+05,1.1869
36573,-6.2244e+05,1.1816
36584,-6.225e+05,1.178
36584,-6.2258e+05,1.1755
36584,-6.2263e+05,1.1737
36584,-6.2269e+05,1.1725
36607,-6.2275e+05,1.172
36629,-6.2281e+05,1.1722
36651,-6.2287e+05,1.1728
36685,-6.2294e+05,1.1736
36718,-6.23e+05,1.1745
36752,-6.2305e+05,1.1758
36797,-6.2296e+05,1.1774
36808,-6.2289e+05,1.1791
36808,-6.2281e+05,1.1808
36808,-6.2275e+05,1.1828
36819,-6.2269e+05,1.1855
36841,-6.2263e+05,1.1888
36864,-6.2257e+05,1.1921
36897,-6.2251e+05,1.1952
36953,-6.2247e+05,1.1977
37031,-6.2239e+05,1.1992
37098,-6.2233e+05,1.1994
37177,-6.2226e+05,1.1982
37221,-6.2223e+05,1.1955
37277,-6.222e+05,1.1922
37333,-6.2218e+05,1.1886
37400,-6.2216e+05,1.1849
37456,-6.2216e+05,1.1811
37512,-6.2218e+05,1.1778
37568,-6.2219e+05,1.1758
37612,-6.2222e+05,1.1751
37668,-6.2224e+05,1.176
37691,-6.223e+05,1.1775
37702,-6.2235e+05,1.1799
37702,-6.2241e+05,1.1838
37702,-6.2247e+05,1.1897
37702,-6.2252e+05,1.198
37702,-6.2259e+05,1.2091
37702,-6.2264e+05,1.2232
37691,-6.2276e+05,1.2405
37702,-6.2281e+05,1.2606
37747,-6.2287e+05,1.2826
37814,-6.2299e+05,1.3056
37847,-6.2305e+05,1.3292
37881,-6.2309e+05,1.353
37914,-6.2314e+05,1.3761
37925,-6.2319e+05,1.3977
37948,-6.2326e+05,1.4169
37959,-6.2335e+05,1.4327
37992,-6.2339e+05,1.4457
38048,-6.2339e+05,1.4559
38127,-6.2339e+05,1.4633
38182,-6.2338e+05,1.4682
38238,-6.234e+05,1.4705
38305,-6.2344e+05,1.4703
38372,-6.2345e+05,1.4676
38451,-6.2345e+05,1.4622
38518,-6.2345e+05,1.4549
38585,-6.2347e+05,1.4463
38652,-6.2348e+05,1.4369
38708,-6.2348e+05,1.427
38764,-6.2348e+05,1.4172
38819,-6.2349e+05,1.4078
38887,-6.2356e+05,1.3995
38942,-6.2361e+05,1.3926
38998,-6.2365e+05,1.3872
39065,-6.2372e+05,1.3837
39132,-6.2376e+05,1.3817
39188,-6.2381e+05,1.3812
39233,-6.2384e+05,1.3819
39244,-6.239e+05,1.3841
39255,-6.2396e+05,1.3876
39255,-6.2402e+05,1.3927
39255,-6.2408e+05,1.3991
39255,-6.2419e+05,1.4061
39255,-6.2424e+05,1.4132
39244,-6.243e+05,1.4206
39244,-6.2435e+05,1.4288
39255,-6.2442e+05,1.4376
39255,-6.2448e+05,1.4472
39255,-6.2453e+05,1.4568
39278,-6.2459e+05,1.4668
39300,-6.2465e+05,1.4772
39322,-6.247e+05,1.4882
39356,-6.2478e+05,1.4994
39367,-6.2484e+05,1.5106
39378,-6.249e+05,1.521
39389,-6.2497e+05,1.53
39401,-6.2509e+05,1.5371
39412,-6.2515e+05,1.5422
39412,-6.252e+05,1.5453
39412,-6.2527e+05,1.5471
39412,-6.2533e+05,1.5476
39412,-6.2539e+05,1.5465
39412,-6.2546e+05,1.5433
39401,-6.2552e+05,1.5377
39401,-6.2557e+05,1.5295
39401,-6.2563e+05,1.5193
39401,-6.2568e+05,1.5074
39434,-6.2574e+05,1.494
39479,-6.2577e+05,1.4792
39535,-6.2577e+05,1.4633
39591,-6.2576e+05,1.4471
39646,-6.2576e+05,1.4314
39702,-6.2577e+05,1.417
39747,-6.2582e+05,1.4044
39781,-6.2586e+05,1.394
39781,-6.2592e+05,1.3856
39758,-6.2598e+05,1.3787
39736,-6.2603e+05,1.3736
39725,-6.2613e+05,1.3708
39702,-6.2621e+05,1.3705
39680,-6.2627e+05,1.3733
39669,-6.2632e+05,1.3789
39635,-6.2638e+05,1.3868
39613,-6.2644e+05,1.3962
39602,-6.265e+05,1.4068
39568,-6.2655e+05,1.4183
39557,-6.266e+05,1.4305
39546,-6.2666e+05,1.4426
39524,-6.2672e+05,1.4542
39512,-6.2678e+05,1.4646
39479,-6.2684e+05,1.4731
39468,-6.2689e+05,1.4793
39434,-6.2695e+05,1.4834
39401,-6.2701e+05,1.4855
39389,-6.2707e+05,1.4856
39389,-6.2713e+05,1.4835
39345,-6.2723e+05,1.479
39322,-6.2731e+05,1.4719
39311,-6.2737e+05,1.4631
39311,-6.2745e+05,1.4533
39300,-6.2752e+05,1.443
39300,-6.2757e+05,1.4331
39300,-6.2763e+05,1.4233
39300,-6.277e+05,1.4137
39278,-6.2775e+05,1.4047
39288,-6.2799e+05,1.3969
39288,-6.2814e+05,1.3913
39288,-6.2821e+05,1.3884
39288,-6.2827e+05,1.3883
39288,-6.2834e+05,1.3912
39288,-6.284e+05,1.397
39288,-6.2847e+05,1.4058
39266,-6.2854e+05,1.4172
39134,-6.2849e+05,1.4312
39068,-6.2847e+05,1.4475
39002,-6.2847e+05,1.4652
38869,-6.2843e+05,1.4837
38737,-6.2836e+05,1.5022
38649,-6.2829e+05,1.5199
38583,-6.2827e+05,1.5374
38517,-6.2827e+05,1.5545
38384,-6.2843e+05,1.5706
38362,-6.2851e+05,1.5847
38362,-6.286e+05,1.596
38406,-6.2873e+05,1.6047
38450,-6.2887e+05,1.6109
38450,-6.2898e+05,1.6147
38450,-6.2909e+05,1.6163
38450,-6.292e+05,1.6162
38473,-6.2929e+05,1.6147
38539,-6.2942e+05,1.6119
38561,-6.2948e+05,1.6079
38561,-6.2955e+05,1.6034
38561,-6.2966e+05,1.5987
38561,-6.2979e+05,1.5945
38561,-6.2986e+05,1.5911
38561,-6.2993e+05,1.588
38561,-6.2999e+05,1.5851
38561,-6.3006e+05,1.5832
38561,-6.3012e+05,1.5828
38561,-6.3019e+05,1.5845
38627,-6.3023e+05,1.588
38803,-6.3045e+05,1.5933
38847,-6.3054e+05,1.5999
38825,-6.3074e+05,1.6075
38803,-6.3085e+05,1.6152
38803,-6.3096e+05,1.6225
38803,-6.3109e+05,1.6292
38825,-6.3123e+05,1.6347
38891,-6.3138e+05,1.6384
38913,-6.3147e+05,1.6397
39002,-6.3158e+05,1.6383
39068,-6.3167e+05,1.6342
39156,-6.3171e+05,1.6276
39266,-6.3171e+05,1.6189
39377,-6.3171e+05,1.6083
39531,-6.3162e+05,1.5958
39597,-6.3158e+05,1.5815
39707,-6.3149e+05,1.5654
39751,-6.3145e+05,1.5476
39840,-6.3145e+05,1.5282
39906,-6.3145e+05,1.5076
39972,-6.3149e+05,1.4862
39972,-6.3156e+05,1.4646
40016,-6.316e+05,1.443
40060,-6.3165e+05,1.4225
40280,-6.3154e+05,1.4041
40391,-6.314e+05,1.3885
40435,-6.3134e+05,1.3758
40479,-6.3129e+05,1.3667
40589,-6.3127e+05,1.3611
40699,-6.3127e+05,1.3592
40810,-6.3127e+05,1.3606
40920,-6.3127e+05,1.365
41030,-6.3131e+05,1.3718
41118,-6.3138e+05,1.3804
41162,-6.3145e+05,1.3907
41184,-6.3156e+05,1.4023
41184,-6.3165e+05,1.4151
41162,-6.3171e+05,1.4287
41118,-6.3178e+05,1.443
41052,-6.3184e+05,1.4577
41008,-6.3189e+05,1.472
40964,-6.3193e+05,1.4852
40920,-6.3202e+05,1.497
40898,-6.3211e+05,1.5073
40854,-6.3215e+05,1.5157
40832,-6.3222e+05,1.5216
40810,-6.3228e+05,1.5245
40788,-6.3237e+05,1.5244
40766,-6.3244e+05,1.5217
40766,-6.3251e+05,1.517
40766,-6.3257e+05,1.5109
40766,-6.3264e+05,1.504
40766,-6.327e+05,1.4969
40744,-6.3277e+05,1.49
40699,-6.3281e+05,1.4837
40655,-6.3286e+05,1.478
40611,-6.3295e+05,1.4731
40589,-6.3301e+05,1.4691
40589,-6.3317e+05,1.4663
40567,-6.3323e+05,1.4642
40567,-6.333e+05,1.4626
40567,-6.3337e+05,1.4613
40545,-6.335e+05,1.4606
40523,-6.3356e+05,1.4609
40501,-6.3363e+05,1.4622
40501,-6.337e+05,1.4644
40501,-6.3378e+05,1.4672
40501,-6.3392e+05,1.4708
40457,-6.3405e+05,1.4748
40391,-6.3414e+05,1.4791
40391,-6.342e+05,1.4833
40391,-6.3427e+05,1.4871
40347,-6.3434e+05,1.4905
40325,-6.3445e+05,1.4938
40325,-6.3451e+05,1.4969
40369,-6.3458e+05,1.5004
40435,-6.3467e+05,1.505
40479,-6.3471e+05,1.5113
40545,-6.3475e+05,1.5194
40677,-6.348e+05,1.5289
40810,-6.3482e+05,1.5394
40876,-6.3484e+05,1.5508
40942,-6.3484e+05,1.563
41008,-6.3484e+05,1.5757
41118,-6.3484e+05,1.5879
41251,-6.3484e+05,1.5992
41339,-6.3484e+05,1.6092
41471,-6.3484e+05,1.6175
41537,-6.3486e+05,1.6242
41648,-6.3493e+05,1.6292
41714,-6.3495e+05,1.6324
41780,-6.35e+05,1.6337
41846,-6.3504e+05,1.6327
41890,-6.3511e+05,1.6287
41934,-6.3515e+05,1.6212
42000,-6.3517e+05,1.6102
42044,-6.3522e+05,1.5964
42088,-6.3528e+05,1.5802
42133,-6.3535e+05,1.5617
42177,-6.3542e+05,1.5412
42199,-6.3548e+05,1.5188
42243,-6.3553e+05,1.4954
42243,-6.3561e+05,1.472
42243,-6.3568e+05,1.4492
42199,-6.3575e+05,1.4277
42155,-6.3581e+05,1.4075
42022,-6.3586e+05,1.3888
41956,-6.359e+05,1.3717
41934,-6.3597e+05,1.3565
41890,-6.3603e+05,1.3433
41890,-6.361e+05,1.3322
41890,-6.3621e+05,1.3238
41890,-6.363e+05,1.3185
41978,-6.3639e+05,1.3158
42022,-6.3645e+05,1.3157
42088,-6.365e+05,1.3178
42199,-6.3656e+05,1.322
42287,-6.3658e+05,1.3281
42353,-6.3661e+05,1.3357
42419,-6.3661e+05,1.3442
42485,-6.3661e+05,1.3534
42552,-6.3661e+05,1.3627
42618,-6.3661e+05,1.372
42684,-6.3663e+05,1.3813
42750,-6.3667e+05,1.3899
42772,-6.3674e+05,1.3976
42772,-6.3689e+05,1.4044
42706,-6.3703e+05,1.4104
42684,-6.3718e+05,1.4147
42684,-6.3727e+05,1.4166
42640,-6.374e+05,1.4165
42640,-6.3747e+05,1.4145
42640,-6.3753e+05,1.411
42640,-6.3764e+05,1.4064
42662,-6.3777e+05,1.4011
42706,-6.3782e+05,1.3954
42750,-6.3786e+05,1.3899
42794,-6.3793e+05,1.3849
42794,-6.3804e+05,1.3805
42794,-6.3811e+05,1.3764
42838,-6.3819e+05,1.3722
42882,-6.383e+05,1.3689
42926,-6.3835e+05,1.3662
43037,-6.3839e+05,1.3634
43147,-6.3841e+05,1.3605
43279,-6.3844e+05,1.3585
43345,-6.3844e+05,1.3582
43456,-6.3846e+05,1.3597
43566,-6.385e+05,1.3631
43654,-6.3852e+05,1.3686
43720,-6.3855e+05,1.376
43786,-6.3857e+05,1.3846
43830,-6.3863e+05,1.3938
43919,-6.3877e+05,1.4029
44007,-6.389e+05,1.4109
44095,-6.3903e+05,1.4186
44161,-6.3912e+05,1.4264
44183,-6.3919e+05,1.4346
44205,-6.393e+05,1.4423
44227,-6.3936e+05,1.4508
44271,-6.3949e+05,1.4605
44293,-6.3958e+05,1.4714
44293,-6.3972e+05,1.4831
44337,-6.3983e+05,1.4952
44382,-6.3989e+05,1.5069
44448,-6.4e+05,1.5175
44536,-6.4011e+05,1.526
44580,-6.4016e+05,1.5325
44624,-6.4024e+05,1.537
44668,-6.4033e+05,1.5397
44712,-6.4038e+05,1.5411
44845,-6.4044e+05,1.5417
44889,-6.4049e+05,1.541
44933,-6.4053e+05,1.539
44999,-6.4055e+05,1.5356
45043,-6.4062e+05,1.5313
45087,-6.4069e+05,1.5257
45175,-6.4073e+05,1.5186
45263,-6.4073e+05,1.5101
45352,-6.4073e+05,1.5003
45484,-6.4064e+05,1.4893
45550,-6.4062e+05,1.4776
45704,-6.4062e+05,1.4657
45837,-6.406e+05,1.4543
45903,-6.406e+05,1.4436
46013,-6.4058e+05,1.4342
46123,-6.4058e+05,1.4265
46234,-6.4058e+05,1.4205
46388,-6.4058e+05,1.416
46542,-6.406e+05,1.4126
46586,-6.4064e+05,1.41
46608,-6.4071e+05,1.4079
46653,-6.408e+05,1.4061
46697,-6.4088e+05,1.4045
46763,-6.4102e+05,1.4032
46807,-6.411e+05,1.4025
46895,-6.4115e+05,1.4018
47063,-6.4125e+05,1.4013
47168,-6.4137e+05,1.4008
47186,-6.4143e+05,1.4002
47221,-6.4148e+05,1.3995
47239,-6.4153e+05,1.3985
47274,-6.4158e+05,1.397
47310,-6.4166e+05,1.3944
47345,-6.4171e+05,1.3907
47380,-6.4176e+05,1.3859
47380,-6.4181e+05,1.3805
47380,-6.419e+05,1.3749
47415,-6.4196e+05,1.3694
47451,-6.4203e+05,1.3642
47486,-6.421e+05,1.3592
47521,-6.4217e+05,1.3544
47574,-6.4224e+05,1.3493
47609,-6.4229e+05,1.3444
47662,-6.4233e+05,1.3398
47680,-6.4238e+05,1.3354
47751,-6.4241e+05,1.3313
47803,-6.4245e+05,1.3273
47856,-6.425e+05,1.3236
47909,-6.4254e+05,1.3198
47980,-6.4259e+05,1.3163
48015,-6.4264e+05,1.3133
48086,-6.4271e+05,1.3109
48121,-6.4277e+05,1.3092
48174,-6.4278e+05,1.3083
48192,-6.4284e+05,1.3083
48227,-6.4289e+05,1.3094
48227,-6.4296e+05,1.3115
48262,-6.4301e+05,1.3143
48315,-6.4308e+05,1.3179
48368,-6.4317e+05,1.322
48403,-6.4326e+05,1.3267
48421,-6.4333e+05,1.3322
48474,-6.4344e+05,1.3385
48509,-6.4354e+05,1.3454
48544,-6.4365e+05,1.3525
48562,-6.4374e+05,1.3599
48580,-6.4381e+05,1.3672
48615,-6.4388e+05,1.3744
48668,-6.4395e+05,1.3813
48721,-6.4402e+05,1.3879
48774,-6.4404e+05,1.3942
48827,-6.4404e+05,1.4
49003,-6.4404e+05,1.405
49144,-6.4402e+05,1.409
49232,-6.4398e+05,1.4128
49356,-6.4393e+05,1.4166
49462,-6.4384e+05,1.4207
49585,-6.4375e+05,1.4247
49673,-6.4368e+05,1.4279
49779,-6.4361e+05,1.4299
49832,-6.4354e+05,1.4307
49903,-6.4351e+05,1.4307
49973,-6.4349e+05,1.4302
50061,-6.4347e+05,1.4297
50114,-6.4347e+05,1.4293
50308,-6.4354e+05,1.4289
50344,-6.436e+05,1.4285
50414,-6.4361e+05,1.4277
50502,-6.4368e+05,1.4261
50573,-6.4368e+05,1.4236
50626,-6.4372e+05,1.4199
50679,-6.4375e+05,1.4146
50732,-6.4379e+05,1.4074
50749,-6.4384e+05,1.398
50749,-6.4393e+05,1.3872
50714,-6.4402e+05,1.3759
50696,-6.4407e+05,1.3647
50696,-6.4416e+05,1.354
50696,-6.4421e+05,1.3439
50696,-6.4427e+05,1.3341
50696,-6.4432e+05,1.3247
50696,-6.4437e+05,1.3156
50714,-6.4444e+05,1.3064
50732,-6.4453e+05,1.2965
50749,-6.4464e+05,1.2862
50767,-6.4472e+05,1.2756
50784,-6.4478e+05,1.2668
