3.4207e+05,-7.8323e+05,1.3684
3.4188e+05,-7.8356e+05,1.365
3.418e+05,-7.8387e+05,1.3623
3.4174e+05,-7.8423e+05,1.3597
3.4171e+05,-7.8453e+05,1.3563
3.4155e+05,-7.8501e+05,1.3518
3.4118e+05,-7.8559e+05,1.3468
3.4033e+05,-7.8596e+05,1.3419
3.398e+05,-7.8649e+05,1.3373
3.3917e+05,-7.8654e+05,1.3336
3.3837e+05,-7.8638e+05,1.3308
3.3779e+05,-7.8617e+05,1.3287
3.37e+05,-7.8617e+05,1.3275
3.3631e+05,-7.8628e+05,1.3276
3.3536e+05,-7.8665e+05,1.3277
3.3462e+05,-7.8675e+05,1.3279
3.3393e+05,-7.8675e+05,1.3285
3.3319e+05,-7.8659e+05,1.3299
3.3266e+05,-7.8638e+05,1.3325
3.3213e+05,-7.8612e+05,1.3367
3.316e+05,-7.857e+05,1.3417
3.3134e+05,-7.8548e+05,1.346
3.3086e+05,-7.8522e+05,1.3494
3.3033e+05,-7.8527e+05,1.3511
3.2985e+05,-7.8538e+05,1.3511
3.2933e+05,-7.8564e+05,1.3498
3.2906e+05,-7.8628e+05,1.3478
3.2911e+05,-7.867e+05,1.3453
3.2917e+05,-7.8776e+05,1.3426
3.2922e+05,-7.885e+05,1.3406
3.2917e+05,-7.8929e+05,1.3396
3.2911e+05,-7.9025e+05,1.3391
3.2869e+05,-7.9136e+05,1.3391
3.2811e+05,-7.9215e+05,1.3387
3.2742e+05,-7.9242e+05,1.3381
3.2679e+05,-7.9247e+05,1.3386
3.262e+05,-7.9273e+05,1.341
3.2594e+05,-7.9273e+05,1.3458
3.2557e+05,-7.9321e+05,1.3532
3.2514e+05,-7.9358e+05,1.3624
3.2456e+05,-7.9421e+05,1.3724
3.2387e+05,-7.9469e+05,1.382
3.2329e+05,-7.948e+05,1.3911
3.2266e+05,-7.9496e+05,1.3986
3.2202e+05,-7.9538e+05,1.4035
3.2165e+05,-7.9586e+05,1.4059
3.2149e+05,-7.9675e+05,1.4055
3.2176e+05,-7.9739e+05,1.4031
3.2229e+05,-7.9824e+05,1.399
3.226e+05,-7.9877e+05,1.3932
3.2276e+05,-7.9908e+05,1.3856
3.2308e+05,-7.9956e+05,1.3762
3.2387e+05,-8.0046e+05,1.365
3.2425e+05,-8.0104e+05,1.3534
3.2467e+05,-8.0205e+05,1.3419
3.2504e+05,-8.0263e+05,1.3312
3.2557e+05,-8.0348e+05,1.3214
3.2599e+05,-8.0416e+05,1.3126
3.2599e+05,-8.0506e+05,1.3055
3.2578e+05,-8.0607e+05,1.3002
3.2546e+05,-8.066e+05,1.2974
3.2499e+05,-8.0691e+05,1.297
3.2398e+05,-8.0691e+05,1.299
3.2329e+05,-8.0691e+05,1.3028
3.2223e+05,-8.0691e+05,1.3077
3.2181e+05,-8.0691e+05,1.3126
3.216e+05,-8.0718e+05,1.3166
3.216e+05,-8.0808e+05,1.3177
3.2149e+05,-8.0877e+05,1.3167
3.2139e+05,-8.0961e+05,1.3139
3.2128e+05,-8.103e+05,1.31
3.2075e+05,-8.1094e+05,1.3057
3.2044e+05,-8.1125e+05,1.3012
3.1991e+05,-8.1157e+05,1.2964
3.1943e+05,-8.1184e+05,1.2907
3.1869e+05,-8.1194e+05,1.2835
3.18e+05,-8.1189e+05,1.2739
3.1737e+05,-8.1178e+05,1.2618
3.1694e+05,-8.1173e+05,1.248
3.1641e+05,-8.1141e+05,1.2335
3.1583e+05,-8.1125e+05,1.22
3.1536e+05,-8.1094e+05,1.2086
3.1509e+05,-8.1057e+05,1.1992
3.1483e+05,-8.0972e+05,1.1915
3.1461e+05,-8.093e+05,1.1855
3.1424e+05,-8.0893e+05,1.1814
3.1366e+05,-8.0861e+05,1.1787
3.1319e+05,-8.084e+05,1.1773
3.1266e+05,-8.0818e+05,1.1777
3.1207e+05,-8.0808e+05,1.1808
3.1139e+05,-8.076e+05,1.1879
3.1112e+05,-8.0681e+05,1.1992
3.1107e+05,-8.0628e+05,1.2148
3.1123e+05,-8.0554e+05,1.2336
3.116e+05,-8.0464e+05,1.2541
3.1144e+05,-8.0416e+05,1.2759
3.1128e+05,-8.0379e+05,1.2986
3.1107e+05,-8.0326e+05,1.3213
3.107e+05,-8.0284e+05,1.3432
3.1001e+05,-8.0226e+05,1.3632
3.098e+05,-8.0141e+05,1.3817
3.1001e+05,-8.0072e+05,1.399
3.1012e+05,-8.0014e+05,1.4151
3.1028e+05,-7.9951e+05,1.4295
3.1043e+05,-7.9882e+05,1.4414
3.1065e+05,-7.9834e+05,1.4506
3.1096e+05,-7.9797e+05,1.4569
3.1128e+05,-7.9739e+05,1.4606
3.117e+05,-7.9686e+05,1.4622
3.1192e+05,-7.966e+05,1.4614
3.1218e+05,-7.9617e+05,1.4579
3.1239e+05,-7.958e+05,1.4523
3.126e+05,-7.9543e+05,1.4448
3.1297e+05,-7.9522e+05,1.4356
3.1329e+05,-7.9511e+05,1.4243
3.1366e+05,-7.949e+05,1.4106
3.1361e+05,-7.9406e+05,1.3951
3.1319e+05,-7.9374e+05,1.3778
3.126e+05,-7.9374e+05,1.3594
3.1218e+05,-7.9395e+05,1.3406
3.116e+05,-7.9437e+05,1.3222
3.1102e+05,-7.9485e+05,1.3045
3.1059e+05,-7.9543e+05,1.288
3.1028e+05,-7.9617e+05,1.2741
3.098e+05,-7.9734e+05,1.263
3.0943e+05,-7.9824e+05,1.2551
3.089e+05,-7.9929e+05,1.2507
3.0837e+05,-8.0014e+05,1.25
3.0816e+05,-8.0072e+05,1.2535
3.0779e+05,-8.0131e+05,1.2612
3.0736e+05,-8.0189e+05,1.2728
3.0668e+05,-8.0221e+05,1.2882
3.0583e+05,-8.0247e+05,1.3066
3.043e+05,-8.0258e+05,1.3267
3.035e+05,-8.0258e+05,1.3468
3.0239e+05,-8.0263e+05,1.3671
3.0149e+05,-8.0162e+05,1.3869
3.0144e+05,-8.0094e+05,1.4053
3.0176e+05,-8.0041e+05,1.4229
3.0207e+05,-7.9977e+05,1.4396
3.0239e+05,-7.9882e+05,1.456
3.0271e+05,-7.9792e+05,1.4724
3.0303e+05,-7.976e+05,1.489
3.0324e+05,-7.9691e+05,1.5057
3.0345e+05,-7.9628e+05,1.5222
3.0366e+05,-7.9564e+05,1.5378
3.0377e+05,-7.9517e+05,1.5521
3.0387e+05,-7.9464e+05,1.5657
3.0414e+05,-7.9437e+05,1.5789
3.0477e+05,-7.9321e+05,1.5911
3.0521e+05,-7.9242e+05,1.6022
3.0565e+05,-7.9171e+05,1.6121
3.0618e+05,-7.9127e+05,1.6199
3.0671e+05,-7.9092e+05,1.6251
3.0759e+05,-7.9048e+05,1.6269
3.0812e+05,-7.9039e+05,1.6247
3.0918e+05,-7.8995e+05,1.6182
3.0989e+05,-7.896e+05,1.6073
3.105e+05,-7.8933e+05,1.5925
3.1006e+05,-7.8872e+05,1.5743
3.0953e+05,-7.8854e+05,1.5538
3.0865e+05,-7.8845e+05,1.5313
3.0751e+05,-7.8801e+05,1.508
3.0689e+05,-7.8739e+05,1.4855
3.0618e+05,-7.8642e+05,1.4643
3.0557e+05,-7.8536e+05,1.445
3.0521e+05,-7.8422e+05,1.4282
3.0512e+05,-7.8334e+05,1.4146
3.0477e+05,-7.8237e+05,1.4041
3.0433e+05,-7.814e+05,1.3963
3.0398e+05,-7.8034e+05,1.3907
3.0363e+05,-7.7972e+05,1.3865
3.0151e+05,-7.799e+05,1.3829
3.008e+05,-7.8007e+05,1.3803
2.9922e+05,-7.8025e+05,1.3788
2.9772e+05,-7.7972e+05,1.3787
2.9631e+05,-7.7884e+05,1.3792
2.9578e+05,-7.7769e+05,1.3784
2.9604e+05,-7.7646e+05,1.3769
2.9701e+05,-7.7522e+05,1.3745
2.9763e+05,-7.7408e+05,1.371
2.9833e+05,-7.739e+05,1.366
2.993e+05,-7.7337e+05,1.3596
3.0036e+05,-7.7275e+05,1.3525
3.0204e+05,-7.7196e+05,1.3459
3.0327e+05,-7.709e+05,1.3406
3.0424e+05,-7.6967e+05,1.3374
3.0495e+05,-7.6861e+05,1.3364
3.0592e+05,-7.6737e+05,1.3371
3.0627e+05,-7.6614e+05,1.3395
3.0654e+05,-7.6534e+05,1.3438
3.0795e+05,-7.6499e+05,1.3509
3.083e+05,-7.6296e+05,1.3604
3.0812e+05,-7.6208e+05,1.3718
3.0786e+05,-7.6023e+05,1.385
3.0777e+05,-7.5873e+05,1.4003
3.0759e+05,-7.5697e+05,1.4181
3.0768e+05,-7.5582e+05,1.4385
3.068e+05,-7.5529e+05,1.4611
3.0565e+05,-7.5529e+05,1.4857
3.0424e+05,-7.5511e+05,1.5119
3.031e+05,-7.5441e+05,1.5389
3.0292e+05,-7.5291e+05,1.566
3.0327e+05,-7.515e+05,1.5928
3.0292e+05,-7.507e+05,1.619
3.023e+05,-7.5062e+05,1.6436
3.0124e+05,-7.5079e+05,1.6667
2.9948e+05,-7.5132e+05,1.6883
2.9869e+05,-7.5185e+05,1.7082
2.9745e+05,-7.5123e+05,1.7256
2.9578e+05,-7.5053e+05,1.7399
2.9489e+05,-7.4973e+05,1.7512
2.9392e+05,-7.4859e+05,1.7597
2.9304e+05,-7.4762e+05,1.7658
2.926e+05,-7.47e+05,1.77
2.911e+05,-7.4691e+05,1.7728
2.8925e+05,-7.4656e+05,1.775
2.8854e+05,-7.4594e+05,1.7765
2.8757e+05,-7.4515e+05,1.778
2.866e+05,-7.4418e+05,1.7798
2.8581e+05,-7.4338e+05,1.7824
2.8405e+05,-7.4285e+05,1.7857
2.8219e+05,-7.4285e+05,1.7906
2.8087e+05,-7.4303e+05,1.798
2.7981e+05,-7.4356e+05,1.8075
2.7849e+05,-7.4444e+05,1.8187
2.7629e+05,-7.4515e+05,1.8308
2.7373e+05,-7.4647e+05,1.8432
2.7161e+05,-7.4691e+05,1.8555
2.7055e+05,-7.4638e+05,1.8681
2.7002e+05,-7.4488e+05,1.8808
2.6976e+05,-7.4303e+05,1.8932
2.7011e+05,-7.4091e+05,1.9052
2.7135e+05,-7.3933e+05,1.9168
2.7276e+05,-7.3792e+05,1.9277
2.7382e+05,-7.373e+05,1.9379
2.7549e+05,-7.3615e+05,1.9468
2.7681e+05,-7.3545e+05,1.9538
2.7823e+05,-7.3501e+05,1.959
2.7911e+05,-7.3501e+05,1.9628
2.8078e+05,-7.3492e+05,1.9653
2.829e+05,-7.3465e+05,1.9665
2.8484e+05,-7.343e+05,1.966
2.8581e+05,-7.3404e+05,1.9628
2.8704e+05,-7.3377e+05,1.9567
2.8899e+05,-7.3307e+05,1.948
2.9066e+05,-7.3192e+05,1.9364
2.9119e+05,-7.3051e+05,1.922
2.9084e+05,-7.2936e+05,1.9049
2.9048e+05,-7.2848e+05,1.8852
2.8916e+05,-7.2751e+05,1.8629
2.8722e+05,-7.2777e+05,1.8387
2.8581e+05,-7.2786e+05,1.8133
2.8493e+05,-7.2848e+05,1.787
2.8396e+05,-7.2892e+05,1.7601
2.8211e+05,-7.2936e+05,1.7334
2.8122e+05,-7.2927e+05,1.7077
2.8078e+05,-7.291e+05,1.684
2.7937e+05,-7.2821e+05,1.6634
2.7796e+05,-7.2821e+05,1.6468
2.7567e+05,-7.2786e+05,1.6348
2.7399e+05,-7.2733e+05,1.6279
2.7143e+05,-7.2592e+05,1.6258
2.6994e+05,-7.2469e+05,1.6284
2.6905e+05,-7.2425e+05,1.6356
2.6799e+05,-7.2407e+05,1.6471
2.6561e+05,-7.2425e+05,1.6625
2.6456e+05,-7.246e+05,1.6818
2.6253e+05,-7.2539e+05,1.705
2.6015e+05,-7.2583e+05,1.7322
2.5856e+05,-7.2601e+05,1.7629
2.5556e+05,-7.2654e+05,1.7958
2.5362e+05,-7.261e+05,1.8293
2.5247e+05,-7.2495e+05,1.8625
2.5362e+05,-7.2363e+05,1.894
2.5397e+05,-7.231e+05,1.9229
2.545e+05,-7.2213e+05,1.9488
2.545e+05,-7.2116e+05,1.9715
2.5485e+05,-7.1975e+05,1.9904
2.5591e+05,-7.179e+05,2.0051
2.5706e+05,-7.1684e+05,2.0151
2.5741e+05,-7.1587e+05,2.0197
2.5776e+05,-7.1507e+05,2.0182
2.5803e+05,-7.1454e+05,2.0096
2.5838e+05,-7.1366e+05,1.9937
2.5944e+05,-7.126e+05,1.9716
2.597e+05,-7.119e+05,1.9443
2.6006e+05,-7.111e+05,1.9128
2.6006e+05,-7.1013e+05,1.8777
2.6006e+05,-7.0934e+05,1.8403
2.6006e+05,-7.0881e+05,1.8014
2.597e+05,-7.0784e+05,1.7623
2.5918e+05,-7.0705e+05,1.724
2.5865e+05,-7.0652e+05,1.6869
2.5794e+05,-7.0581e+05,1.6521
2.5732e+05,-7.0537e+05,1.6205
2.5582e+05,-7.0396e+05,1.5931
2.5485e+05,-7.029e+05,1.5708
2.5468e+05,-7.022e+05,1.5537
2.5547e+05,-7.0184e+05,1.5416
2.5706e+05,-7.022e+05,1.534
2.5865e+05,-7.0167e+05,1.5303
2.5847e+05,-7.0096e+05,1.53
2.5785e+05,-6.9964e+05,1.5326
2.5759e+05,-6.9858e+05,1.5374
2.5794e+05,-6.9761e+05,1.5432
2.5935e+05,-6.9699e+05,1.5492
2.5979e+05,-6.9576e+05,1.5549
2.5944e+05,-6.9461e+05,1.5598
2.5891e+05,-6.9355e+05,1.5626
2.5794e+05,-6.9232e+05,1.5621
2.5741e+05,-6.9108e+05,1.5581
2.5688e+05,-6.9038e+05,1.5506
2.5671e+05,-6.8897e+05,1.5396
2.5671e+05,-6.8703e+05,1.5251
2.5724e+05,-6.8553e+05,1.5076
2.5865e+05,-6.8456e+05,1.4879
2.6006e+05,-6.8456e+05,1.4664
2.6182e+05,-6.8509e+05,1.4429
2.6314e+05,-6.8641e+05,1.4182
2.6359e+05,-6.8817e+05,1.3932
2.6359e+05,-6.8976e+05,1.3686
2.6314e+05,-6.9108e+05,1.3456
2.6314e+05,-6.9294e+05,1.3255
2.6323e+05,-6.9479e+05,1.3092
2.642e+05,-6.9585e+05,1.2972
2.6623e+05,-6.9655e+05,1.2897
2.6738e+05,-6.9576e+05,1.2866
2.6914e+05,-6.9426e+05,1.2879
2.7002e+05,-6.9267e+05,1.2933
2.7029e+05,-6.9082e+05,1.3025
2.7082e+05,-6.8976e+05,1.3151
2.7135e+05,-6.8914e+05,1.3316
2.724e+05,-6.8809e+05,1.3524
2.7311e+05,-6.8747e+05,1.377
2.7426e+05,-6.8703e+05,1.4048
2.7443e+05,-6.8641e+05,1.4345
2.7479e+05,-6.8535e+05,1.4657
2.7417e+05,-6.8438e+05,1.4982
2.7373e+05,-6.8403e+05,1.5321
2.7276e+05,-6.8368e+05,1.5668
2.7205e+05,-6.8341e+05,1.602
2.7099e+05,-6.8324e+05,1.6373
2.6941e+05,-6.8288e+05,1.6726
2.6879e+05,-6.8174e+05,1.7076
2.6874e+05,-6.8001e+05,1.7416
2.6847e+05,-6.793e+05,1.7735
2.6838e+05,-6.7868e+05,1.8025
2.6803e+05,-6.7771e+05,1.8278
2.6609e+05,-6.7745e+05,1.85
2.6459e+05,-6.7727e+05,1.869
2.6397e+05,-6.7745e+05,1.8842
2.6327e+05,-6.7763e+05,1.8947
2.6291e+05,-6.7816e+05,1.8996
2.6274e+05,-6.7851e+05,1.8998
2.623e+05,-6.7913e+05,1.8961
2.6203e+05,-6.7948e+05,1.8893
2.6159e+05,-6.7974e+05,1.8794
2.6106e+05,-6.8054e+05,1.8661
2.6036e+05,-6.8071e+05,1.8507
2.5965e+05,-6.8062e+05,1.8339
2.5877e+05,-6.7992e+05,1.8164
2.5851e+05,-6.793e+05,1.7981
2.5806e+05,-6.7921e+05,1.7788
2.5718e+05,-6.7965e+05,1.7588
2.5665e+05,-6.8027e+05,1.739
2.5621e+05,-6.8151e+05,1.7201
2.5639e+05,-6.8248e+05,1.703
2.563e+05,-6.8362e+05,1.6871
2.5586e+05,-6.8398e+05,1.6718
2.5542e+05,-6.8371e+05,1.6562
2.548e+05,-6.8327e+05,1.6406
2.541e+05,-6.8265e+05,1.6256
2.5304e+05,-6.8212e+05,1.6108
2.5207e+05,-6.8168e+05,1.5962
2.511e+05,-6.8142e+05,1.5818
2.4999e+05,-6.8117e+05,1.568
2.4967e+05,-6.8091e+05,1.5549
2.4882e+05,-6.8096e+05,1.5428
2.4835e+05,-6.8149e+05,1.5315
2.4803e+05,-6.8186e+05,1.5205
2.4755e+05,-6.8249e+05,1.5094
2.4718e+05,-6.8308e+05,1.4981
2.4676e+05,-6.8276e+05,1.487
2.466e+05,-6.8223e+05,1.4765
2.4649e+05,-6.817e+05,1.4667
2.466e+05,-6.8101e+05,1.4574
2.4686e+05,-6.8032e+05,1.4486
2.4692e+05,-6.8006e+05,1.4402
2.4692e+05,-6.7948e+05,1.4319
2.4628e+05,-6.789e+05,1.4233
2.4591e+05,-6.7874e+05,1.4144
2.4543e+05,-6.7847e+05,1.4049
2.4517e+05,-6.7794e+05,1.3945
2.4522e+05,-6.7757e+05,1.3839
2.4543e+05,-6.7715e+05,1.3734
2.4554e+05,-6.7673e+05,1.3631
2.4565e+05,-6.7604e+05,1.3525
2.4565e+05,-6.7551e+05,1.3418
2.4565e+05,-6.7503e+05,1.3309
2.457e+05,-6.7435e+05,1.32
2.4596e+05,-6.7355e+05,1.3091
2.4628e+05,-6.7313e+05,1.2979
2.467e+05,-6.7255e+05,1.2867
2.4623e+05,-6.7191e+05,1.2761
2.4575e+05,-6.7191e+05,1.2663
2.4501e+05,-6.7223e+05,1.2576
2.4459e+05,-6.7244e+05,1.2499
2.4432e+05,-6.7313e+05,1.2429
2.4427e+05,-6.7376e+05,1.2365
2.4395e+05,-6.7371e+05,1.2309
2.4305e+05,-6.7318e+05,1.2261
2.4242e+05,-6.7323e+05,1.2221
2.4168e+05,-6.7413e+05,1.2186
2.4157e+05,-6.7519e+05,1.2155
2.4147e+05,-6.7583e+05,1.2128
2.4094e+05,-6.7646e+05,1.211
2.4062e+05,-6.772e+05,1.2104
2.4057e+05,-6.7821e+05,1.2105
2.4057e+05,-6.789e+05,1.2105
2.3993e+05,-6.7916e+05,1.2101
2.3951e+05,-6.7879e+05,1.2094
2.3877e+05,-6.7826e+05,1.2083
2.3797e+05,-6.7768e+05,1.2064
2.3723e+05,-6.7715e+05,1.2036
2.3633e+05,-6.7699e+05,1.2003
2.3549e+05,-6.7694e+05,1.197
2.3554e+05,-6.7636e+05,1.1941
2.3623e+05,-6.754e+05,1.191
2.3644e+05,-6.7482e+05,1.188
2.3718e+05,-6.7408e+05,1.185
2.3781e+05,-6.7429e+05,1.1808
2.3856e+05,-6.745e+05,1.1754
2.393e+05,-6.7419e+05,1.1698
2.3956e+05,-6.7403e+05,1.1643
2.4009e+05,-6.7345e+05,1.1587
2.4057e+05,-6.7265e+05,1.1535
2.4067e+05,-6.7202e+05,1.1489
2.4083e+05,-6.7143e+05,1.1451
2.4062e+05,-6.7075e+05,1.1418
2.4035e+05,-6.7038e+05,1.1389
2.3993e+05,-6.7032e+05,1.1356
2.3908e+05,-6.7106e+05,1.1323
2.3834e+05,-6.7101e+05,1.1286
2.3824e+05,-6.7059e+05,1.1245
2.3866e+05,-6.7006e+05,1.1214
2.384e+05,-6.6985e+05,1.1191
2.3834e+05,-6.6948e+05,1.1171
2.3861e+05,-6.6911e+05,1.1149
2.3914e+05,-6.6911e+05,1.1125
2.3998e+05,-6.6921e+05,1.11
2.4046e+05,-6.6921e+05,1.1075
2.412e+05,-6.69e+05,1.105
2.4189e+05,-6.6831e+05,1.1022
2.4189e+05,-6.6747e+05,1.0987
2.4184e+05,-6.6694e+05,1.0952
2.4125e+05,-6.6662e+05,1.0926
2.4057e+05,-6.6651e+05,1.0909
2.3993e+05,-6.6651e+05,1.0901
2.3935e+05,-6.6662e+05,1.0893
2.3856e+05,-6.6683e+05,1.0886
2.3713e+05,-6.6731e+05,1.0884
2.3654e+05,-6.672e+05,1.0891
2.3649e+05,-6.6667e+05,1.0908
2.3676e+05,-6.6625e+05,1.0934
2.3686e+05,-6.6572e+05,1.0968
2.3686e+05,-6.653e+05,1.1014
2.3676e+05,-6.6477e+05,1.108
2.3676e+05,-6.6419e+05,1.1167
2.3676e+05,-6.6355e+05,1.1267
2.3686e+05,-6.626e+05,1.1368
2.3729e+05,-6.618e+05,1.1465
2.375e+05,-6.6133e+05,1.1556
2.3766e+05,-6.6064e+05,1.1649
2.3808e+05,-6.5985e+05,1.1748
2.3856e+05,-6.5942e+05,1.1857
2.3903e+05,-6.5911e+05,1.1983
2.3961e+05,-6.5895e+05,1.2126
2.3998e+05,-6.5873e+05,1.2286
2.402e+05,-6.5868e+05,1.2458
2.4051e+05,-6.5852e+05,1.2635
2.4088e+05,-6.581e+05,1.2804
2.4083e+05,-6.5757e+05,1.2958
2.4051e+05,-6.5736e+05,1.3099
2.3993e+05,-6.5688e+05,1.323
2.3951e+05,-6.5667e+05,1.3356
2.3903e+05,-6.5688e+05,1.3483
2.3871e+05,-6.5709e+05,1.3608
2.3808e+05,-6.5778e+05,1.3728
2.3755e+05,-6.5842e+05,1.3833
2.3707e+05,-6.5873e+05,1.3911
2.366e+05,-6.5921e+05,1.3959
2.3617e+05,-6.5958e+05,1.397
2.358e+05,-6.6006e+05,1.3944
2.3559e+05,-6.6075e+05,1.3878
2.3549e+05,-6.6101e+05,1.3782
2.3527e+05,-6.6165e+05,1.3668
2.3501e+05,-6.6217e+05,1.3544
2.3485e+05,-6.626e+05,1.3415
2.3475e+05,-6.6318e+05,1.3286
2.3469e+05,-6.6387e+05,1.3156
2.3448e+05,-6.644e+05,1.3023
2.3406e+05,-6.6466e+05,1.2883
2.3369e+05,-6.6493e+05,1.2739
2.331e+05,-6.6519e+05,1.2596
2.3279e+05,-6.6546e+05,1.245
2.3252e+05,-6.6651e+05,1.2317
2.3247e+05,-6.6699e+05,1.2205
2.3242e+05,-6.6778e+05,1.2125
2.3194e+05,-6.6847e+05,1.2078
2.3111e+05,-6.6822e+05,1.206
2.3041e+05,-6.6848e+05,1.2066
2.2988e+05,-6.6857e+05,1.2092
2.2882e+05,-6.6928e+05,1.2129
2.2855e+05,-6.7034e+05,1.217
2.2776e+05,-6.7042e+05,1.2218
2.2767e+05,-6.691e+05,1.2275
2.2697e+05,-6.6778e+05,1.2347
2.2644e+05,-6.6743e+05,1.2436
2.2556e+05,-6.6769e+05,1.2543
2.2423e+05,-6.6866e+05,1.2662
2.2335e+05,-6.6963e+05,1.2783
2.2265e+05,-6.7087e+05,1.2894
2.2159e+05,-6.7104e+05,1.299
2.2123e+05,-6.6998e+05,1.3069
2.2079e+05,-6.6901e+05,1.3125
2.2035e+05,-6.6848e+05,1.3161
2.1956e+05,-6.684e+05,1.3183
2.1868e+05,-6.6778e+05,1.3194
2.1806e+05,-6.6672e+05,1.3194
2.1815e+05,-6.6531e+05,1.3178
2.1832e+05,-6.6487e+05,1.3142
2.1947e+05,-6.6434e+05,1.3088
2.2062e+05,-6.6328e+05,1.3019
2.2123e+05,-6.624e+05,1.2941
2.2176e+05,-6.6196e+05,1.2862
2.2273e+05,-6.6099e+05,1.2795
2.2362e+05,-6.5993e+05,1.2746
2.2432e+05,-6.594e+05,1.2722
2.237e+05,-6.5808e+05,1.2722
2.2309e+05,-6.5772e+05,1.2744
2.2194e+05,-6.5764e+05,1.2784
2.2212e+05,-6.5667e+05,1.284
2.2203e+05,-6.557e+05,1.2916
2.2185e+05,-6.5508e+05,1.3019
2.2159e+05,-6.5455e+05,1.3147
2.2115e+05,-6.5367e+05,1.3293
2.2018e+05,-6.527e+05,1.3448
2.2018e+05,-6.5199e+05,1.3599
2.2088e+05,-6.5173e+05,1.3732
2.2132e+05,-6.5146e+05,1.3833
2.2141e+05,-6.5085e+05,1.3896
2.215e+05,-6.5014e+05,1.3912
2.2176e+05,-6.4864e+05,1.3895
2.2167e+05,-6.4758e+05,1.3849
2.2167e+05,-6.4697e+05,1.3781
2.2159e+05,-6.4582e+05,1.3695
2.2203e+05,-6.4485e+05,1.3593
2.2238e+05,-6.4432e+05,1.3473
2.2291e+05,-6.4423e+05,1.3337
2.2344e+05,-6.4397e+05,1.3191
2.2459e+05,-6.4388e+05,1.3046
2.2494e+05,-6.4405e+05,1.2916
2.2556e+05,-6.4494e+05,1.2813
2.2564e+05,-6.4573e+05,1.2748
2.2591e+05,-6.4652e+05,1.2728
2.2653e+05,-6.4723e+05,1.2758
2.275e+05,-6.4785e+05,1.2833
2.282e+05,-6.4838e+05,1.2948
2.2922e+05,-6.4871e+05,1.3097
2.2978e+05,-6.485e+05,1.3269
2.3034e+05,-6.4818e+05,1.3453
2.3066e+05,-6.4769e+05,1.3646
2.3049e+05,-6.4737e+05,1.385
2.3063e+05,-6.4695e+05,1.4067
2.3109e+05,-6.4695e+05,1.4287
2.3161e+05,-6.4695e+05,1.4507
2.3218e+05,-6.4677e+05,1.472
2.3271e+05,-6.4646e+05,1.4923
2.3296e+05,-6.4582e+05,1.5112
2.3306e+05,-6.4526e+05,1.5281
2.3292e+05,-6.4462e+05,1.5426
2.3267e+05,-6.4427e+05,1.554
2.3236e+05,-6.4392e+05,1.5626
2.3147e+05,-6.4328e+05,1.569
2.3077e+05,-6.4275e+05,1.5739
2.2992e+05,-6.4201e+05,1.5782
2.295e+05,-6.4169e+05,1.5813
2.2872e+05,-6.4159e+05,1.5827
2.2816e+05,-6.4173e+05,1.5829
2.277e+05,-6.4215e+05,1.5824
2.2657e+05,-6.4215e+05,1.5817
2.2558e+05,-6.4208e+05,1.5803
2.2488e+05,-6.4212e+05,1.578
2.2424e+05,-6.4169e+05,1.5751
2.2322e+05,-6.4155e+05,1.5718
2.2255e+05,-6.4127e+05,1.5685
2.2156e+05,-6.4088e+05,1.5651
2.2054e+05,-6.4071e+05,1.5614
2.1997e+05,-6.4035e+05,1.557
2.1909e+05,-6.4007e+05,1.551
2.1828e+05,-6.3993e+05,1.5446
2.1697e+05,-6.4025e+05,1.5382
2.1609e+05,-6.4011e+05,1.532
2.1539e+05,-6.3979e+05,1.5249
2.151e+05,-6.3944e+05,1.5158
2.1468e+05,-6.3901e+05,1.5052
2.1362e+05,-6.3831e+05,1.4935
2.1274e+05,-6.3792e+05,1.4806
2.1151e+05,-6.3753e+05,1.4669
2.1055e+05,-6.3757e+05,1.4527
2.096e+05,-6.3824e+05,1.4385
2.0808e+05,-6.3877e+05,1.4246
2.0734e+05,-6.3926e+05,1.4111
2.0657e+05,-6.3993e+05,1.3986
2.0554e+05,-6.4049e+05,1.3863
2.0505e+05,-6.4173e+05,1.3738
2.0558e+05,-6.431e+05,1.3606
2.0565e+05,-6.443e+05,1.348
2.0523e+05,-6.4536e+05,1.3373
2.0427e+05,-6.4572e+05,1.3291
2.0329e+05,-6.4512e+05,1.3234
2.0244e+05,-6.442e+05,1.3205
2.0202e+05,-6.4342e+05,1.3204
2.0124e+05,-6.4296e+05,1.3224
2.0061e+05,-6.4247e+05,1.3263
1.9986e+05,-6.4198e+05,1.3325
1.9884e+05,-6.4194e+05,1.3406
1.981e+05,-6.4127e+05,1.3501
1.975e+05,-6.4032e+05,1.3602
1.9683e+05,-6.3929e+05,1.371
1.9623e+05,-6.3884e+05,1.3829
1.956e+05,-6.388e+05,1.3954
1.9489e+05,-6.3965e+05,1.4076
1.9457e+05,-6.4046e+05,1.4186
1.9373e+05,-6.4064e+05,1.4288
1.9327e+05,-6.4092e+05,1.4372
1.9267e+05,-6.4194e+05,1.4434
1.9172e+05,-6.4236e+05,1.4479
1.9126e+05,-6.4289e+05,1.451
1.9066e+05,-6.4374e+05,1.4522
1.9062e+05,-6.4466e+05,1.4524
1.9256e+05,-6.449e+05,1.4526
1.9334e+05,-6.4519e+05,1.4533
1.9341e+05,-6.4663e+05,1.4548
1.9362e+05,-6.485e+05,1.4563
1.9228e+05,-6.497e+05,1.4572
1.9129e+05,-6.509e+05,1.4573
1.9023e+05,-6.5132e+05,1.4571
1.8858e+05,-6.5154e+05,1.456
1.8776e+05,-6.5277e+05,1.4556
1.8685e+05,-6.5393e+05,1.4567
1.8561e+05,-6.5439e+05,1.4583
1.8452e+05,-6.5295e+05,1.4594
1.8371e+05,-6.5192e+05,1.4593
1.8212e+05,-6.5178e+05,1.4569
1.7983e+05,-6.5224e+05,1.4518
1.7849e+05,-6.5288e+05,1.4438
1.7718e+05,-6.521e+05,1.433
1.7722e+05,-6.5104e+05,1.4203
1.7771e+05,-6.4998e+05,1.4063
1.7792e+05,-6.4833e+05,1.3917
1.7746e+05,-6.4688e+05,1.3767
1.7662e+05,-6.4561e+05,1.3615
1.7602e+05,-6.4533e+05,1.3456
1.7513e+05,-6.4716e+05,1.3288
1.7485e+05,-6.4935e+05,1.313
1.7386e+05,-6.5143e+05,1.3
1.7316e+05,-6.5266e+05,1.291
1.727e+05,-6.5316e+05,1.286
1.7256e+05,-6.539e+05,1.2848
1.7178e+05,-6.533e+05,1.2868
1.7132e+05,-6.5277e+05,1.2919
1.7055e+05,-6.5182e+05,1.2993
1.6974e+05,-6.5083e+05,1.3086
1.691e+05,-6.5164e+05,1.3192
1.6847e+05,-6.5249e+05,1.3306
1.6744e+05,-6.533e+05,1.3422
1.6575e+05,-6.5344e+05,1.3535
1.6441e+05,-6.5323e+05,1.3641
1.6321e+05,-6.5256e+05,1.3725
1.6187e+05,-6.5157e+05,1.3774
1.6092e+05,-6.5048e+05,1.378
1.6057e+05,-6.4928e+05,1.3751
1.6074e+05,-6.4871e+05,1.3695
1.6113e+05,-6.4804e+05,1.3621
1.612e+05,-6.4755e+05,1.3539
1.6159e+05,-6.4646e+05,1.3448
1.6251e+05,-6.4691e+05,1.3351
1.6349e+05,-6.4691e+05,1.325
1.6413e+05,-6.46e+05,1.3149
1.6508e+05,-6.4504e+05,1.3049
1.6586e+05,-6.4395e+05,1.2954
1.6659e+05,-6.4311e+05,1.2861
1.6706e+05,-6.429e+05,1.2766
1.6764e+05,-6.4274e+05,1.2678
1.6809e+05,-6.4253e+05,1.2598
1.6865e+05,-6.4227e+05,1.2525
1.6907e+05,-6.4195e+05,1.2459
1.6934e+05,-6.415e+05,1.2399
1.6939e+05,-6.4086e+05,1.2345
1.6952e+05,-6.4015e+05,1.2306
1.7003e+05,-6.3954e+05,1.2288
1.71e+05,-6.3981e+05,1.2294
1.7137e+05,-6.4023e+05,1.2329
1.7209e+05,-6.4057e+05,1.2387
1.728e+05,-6.402e+05,1.2462
1.7347e+05,-6.4023e+05,1.2549
1.7413e+05,-6.4012e+05,1.265
1.7447e+05,-6.3949e+05,1.2762
1.7447e+05,-6.3869e+05,1.2886
1.7397e+05,-6.3798e+05,1.3021
1.7339e+05,-6.3753e+05,1.3163
1.7254e+05,-6.3721e+05,1.3307
1.7209e+05,-6.3692e+05,1.3448
1.7225e+05,-6.3642e+05,1.3572
1.7286e+05,-6.36e+05,1.3664
1.7354e+05,-6.3557e+05,1.3718
1.7391e+05,-6.351e+05,1.3723
1.7429e+05,-6.3451e+05,1.3689
1.7455e+05,-6.3404e+05,1.363
1.7489e+05,-6.3332e+05,1.3561
1.7516e+05,-6.325e+05,1.3493
1.7511e+05,-6.3176e+05,1.3433
1.7503e+05,-6.3099e+05,1.3388
1.7503e+05,-6.301e+05,1.3362
1.7561e+05,-6.2917e+05,1.3357
1.7675e+05,-6.284e+05,1.337
1.782e+05,-6.2779e+05,1.3393
1.7857e+05,-6.2745e+05,1.3433
1.7873e+05,-6.2695e+05,1.3501
1.781e+05,-6.2647e+05,1.36
1.7704e+05,-6.2618e+05,1.3738
1.7585e+05,-6.2602e+05,1.391
1.7492e+05,-6.2613e+05,1.4108
1.7333e+05,-6.2629e+05,1.4322
1.723e+05,-6.2629e+05,1.4546
1.7116e+05,-6.261e+05,1.4772
1.7079e+05,-6.2552e+05,1.4986
1.7153e+05,-6.2451e+05,1.5177
1.7175e+05,-6.2398e+05,1.5343
1.7156e+05,-6.2335e+05,1.549
1.7159e+05,-6.2248e+05,1.5636
1.718e+05,-6.2176e+05,1.5783
1.7262e+05,-6.2136e+05,1.5933
1.7373e+05,-6.2128e+05,1.609
1.7495e+05,-6.2192e+05,1.6259
1.7698e+05,-6.2258e+05,1.6448
1.7778e+05,-6.2287e+05,1.6661
1.7931e+05,-6.2327e+05,1.6902
1.8087e+05,-6.2348e+05,1.717
1.8169e+05,-6.2237e+05,1.7465
1.8177e+05,-6.2152e+05,1.779
1.814e+05,-6.2073e+05,1.8145
1.8082e+05,-6.2015e+05,1.8528
1.8013e+05,-6.1925e+05,1.8933
1.7997e+05,-6.1777e+05,1.934
1.8024e+05,-6.1655e+05,1.9747
1.8034e+05,-6.1549e+05,2.0149
1.8045e+05,-6.1422e+05,2.0533
1.8082e+05,-6.1274e+05,2.0888
1.8209e+05,-6.1115e+05,2.12
1.8389e+05,-6.0967e+05,2.1462
1.8569e+05,-6.084e+05,2.1671
1.8738e+05,-6.0739e+05,2.1829
1.8987e+05,-6.0607e+05,2.194
1.9347e+05,-6.0517e+05,2.2008
1.9516e+05,-6.0427e+05,2.2039
1.9791e+05,-6.038e+05,2.2038
1.9961e+05,-6.0364e+05,2.2008
2.0088e+05,-6.0364e+05,2.1961
2.0357e+05,-6.0385e+05,2.19
2.0527e+05,-6.0443e+05,2.1823
2.0675e+05,-6.0512e+05,2.1734
2.0776e+05,-6.0559e+05,2.164
2.0924e+05,-6.0602e+05,2.1546
2.1035e+05,-6.0618e+05,2.1454
2.1114e+05,-6.0602e+05,2.1362
2.122e+05,-6.0591e+05,2.1267
2.1331e+05,-6.0586e+05,2.1167
2.1437e+05,-6.0612e+05,2.1059
2.1617e+05,-6.0681e+05,2.0943
2.1733e+05,-6.0761e+05,2.0824
2.1871e+05,-6.0851e+05,2.0703
2.2003e+05,-6.0882e+05,2.0573
2.2114e+05,-6.0882e+05,2.0429
2.2215e+05,-6.0829e+05,2.0272
2.2273e+05,-6.0755e+05,2.0108
2.2321e+05,-6.0671e+05,1.994
2.249e+05,-6.0618e+05,1.9771
2.2643e+05,-6.0612e+05,1.96
2.2823e+05,-6.0612e+05,1.9429
2.295e+05,-6.0607e+05,1.9257
2.3077e+05,-6.0559e+05,1.9085
2.3167e+05,-6.0517e+05,1.8916
2.3241e+05,-6.0459e+05,1.8751
2.3321e+05,-6.0353e+05,1.8587
2.3416e+05,-6.0258e+05,1.8417
2.3495e+05,-6.0173e+05,1.8247
2.3601e+05,-6.0078e+05,1.8089
2.3739e+05,-5.9956e+05,1.7948
2.3818e+05,-5.9909e+05,1.7826
2.3903e+05,-5.9887e+05,1.7725
2.4173e+05,-5.9887e+05,1.7647
2.4284e+05,-5.9898e+05,1.7594
2.4453e+05,-5.9898e+05,1.7572
2.4728e+05,-5.9866e+05,1.7584
2.4887e+05,-5.9861e+05,1.7629
2.5062e+05,-5.985e+05,1.7702
2.5162e+05,-5.9819e+05,1.7797
2.5284e+05,-5.9813e+05,1.7916
2.5416e+05,-5.984e+05,1.8067
2.5543e+05,-5.9872e+05,1.8246
2.5596e+05,-5.9882e+05,1.8447
2.5697e+05,-5.9903e+05,1.8662
2.5781e+05,-5.9951e+05,1.8884
2.5803e+05,-5.9993e+05,1.9108
2.5808e+05,-6.0078e+05,1.933
2.5792e+05,-6.0157e+05,1.955
2.5797e+05,-6.0242e+05,1.9758
2.5834e+05,-6.0332e+05,1.9943
2.5856e+05,-6.0411e+05,2.0102
2.5924e+05,-6.0475e+05,2.0229
2.6041e+05,-6.0501e+05,2.0321
2.6168e+05,-6.0533e+05,2.0378
2.6263e+05,-6.0554e+05,2.0394
2.6326e+05,-6.0575e+05,2.0369
2.6459e+05,-6.0602e+05,2.0302
2.6649e+05,-6.0729e+05,2.019
2.675e+05,-6.0835e+05,2.0032
2.6872e+05,-6.093e+05,1.9828
2.7041e+05,-6.0983e+05,1.9581
2.7163e+05,-6.0956e+05,1.9283
2.7305e+05,-6.0919e+05,1.8947
2.7475e+05,-6.0882e+05,1.8589
2.766e+05,-6.0893e+05,1.8219
2.7861e+05,-6.093e+05,1.7849
2.7983e+05,-6.0972e+05,1.7486
2.8237e+05,-6.1126e+05,1.7137
2.8321e+05,-6.1157e+05,1.6803
2.848e+05,-6.1173e+05,1.6488
2.8597e+05,-6.1184e+05,1.6205
2.865e+05,-6.1173e+05,1.5963
2.8835e+05,-6.1142e+05,1.5771
2.8914e+05,-6.1194e+05,1.5635
2.9004e+05,-6.1226e+05,1.5551
2.9094e+05,-6.1263e+05,1.5533
2.9168e+05,-6.1295e+05,1.5578
2.9221e+05,-6.1247e+05,1.5684
2.9285e+05,-6.1179e+05,1.584
2.9401e+05,-6.1089e+05,1.6035
2.9523e+05,-6.1057e+05,1.6266
2.9618e+05,-6.1131e+05,1.6527
2.965e+05,-6.121e+05,1.6815
2.966e+05,-6.1316e+05,1.7121
2.9681e+05,-6.1417e+05,1.744
2.9687e+05,-6.148e+05,1.7765
2.9681e+05,-6.1575e+05,1.8088
2.9755e+05,-6.1623e+05,1.8399
2.9798e+05,-6.1517e+05,1.8697
2.9835e+05,-6.1401e+05,1.8973
2.9861e+05,-6.1385e+05,1.9211
2.9914e+05,-6.1475e+05,1.9403
2.9951e+05,-6.1602e+05,1.955
2.9957e+05,-6.1718e+05,1.9655
2.9972e+05,-6.1819e+05,1.9721
2.9983e+05,-6.1851e+05,1.9745
3.0004e+05,-6.1877e+05,1.9726
3.0052e+05,-6.1888e+05,1.9661
3.0089e+05,-6.1824e+05,1.9546
3.0089e+05,-6.1692e+05,1.9374
3.011e+05,-6.1565e+05,1.9149
3.011e+05,-6.1411e+05,1.8875
3.0084e+05,-6.1311e+05,1.8558
3.0084e+05,-6.1142e+05,1.8205
3.0179e+05,-6.1115e+05,1.784
3.0301e+05,-6.121e+05,1.7467
3.0359e+05,-6.1247e+05,1.7092
3.0438e+05,-6.1194e+05,1.6714
3.0549e+05,-6.1168e+05,1.6331
3.0639e+05,-6.1216e+05,1.5941
3.074e+05,-6.1216e+05,1.5547
3.0893e+05,-6.1131e+05,1.5159
3.0983e+05,-6.1057e+05,1.4782
3.1121e+05,-6.0988e+05,1.4422
3.1168e+05,-6.1004e+05,1.4081
3.1227e+05,-6.1099e+05,1.3758
3.1237e+05,-6.121e+05,1.3452
3.1221e+05,-6.1311e+05,1.3155
3.1227e+05,-6.1433e+05,1.2855
3.1227e+05,-6.1544e+05,1.2559
3.1216e+05,-6.1575e+05,1.2267
3.1195e+05,-6.1597e+05,1.1987
3.1168e+05,-6.1618e+05,1.173
3.1063e+05,-6.1623e+05,1.151
3.0994e+05,-6.1628e+05,1.1327
3.0988e+05,-6.1692e+05,1.1182
3.1057e+05,-6.1755e+05,1.1071
3.1147e+05,-6.1861e+05,1.0993
3.1115e+05,-6.1962e+05,1.0946
3.1084e+05,-6.2062e+05,1.093
3.1078e+05,-6.2158e+05,1.0941
3.1052e+05,-6.2258e+05,1.0982
3.0962e+05,-6.2369e+05,1.105
3.0856e+05,-6.2449e+05,1.1142
3.0771e+05,-6.2581e+05,1.1257
3.0771e+05,-6.2623e+05,1.1393
3.074e+05,-6.2692e+05,1.1541
3.0613e+05,-6.2655e+05,1.169
3.0454e+05,-6.2591e+05,1.1842
3.0412e+05,-6.256e+05,1.1994
3.0364e+05,-6.2549e+05,1.2148
3.0375e+05,-6.2602e+05,1.2304
3.0433e+05,-6.265e+05,1.246
3.0475e+05,-6.2713e+05,1.2616
3.0502e+05,-6.2771e+05,1.2773
3.0454e+05,-6.2808e+05,1.2925
3.0412e+05,-6.283e+05,1.3069
3.039e+05,-6.2925e+05,1.3198
3.0406e+05,-6.3004e+05,1.3306
3.0433e+05,-6.3084e+05,1.3389
3.0443e+05,-6.3142e+05,1.3444
3.0375e+05,-6.3115e+05,1.3472
3.0343e+05,-6.311e+05,1.3473
3.0285e+05,-6.3137e+05,1.3453
3.0274e+05,-6.3184e+05,1.3414
3.0269e+05,-6.3248e+05,1.3361
3.0269e+05,-6.3327e+05,1.3294
3.0306e+05,-6.3385e+05,1.3212
3.0359e+05,-6.3406e+05,1.3114
3.0401e+05,-6.3422e+05,1.3006
3.048e+05,-6.3449e+05,1.2897
3.0507e+05,-6.3475e+05,1.279
3.0528e+05,-6.3518e+05,1.2686
3.0549e+05,-6.3592e+05,1.2588
3.0613e+05,-6.3629e+05,1.2494
3.0671e+05,-6.3623e+05,1.2403
3.0703e+05,-6.3639e+05,1.2309
3.0719e+05,-6.3719e+05,1.2204
3.0729e+05,-6.3777e+05,1.2088
3.0771e+05,-6.3877e+05,1.1951
3.0782e+05,-6.392e+05,1.1795
3.0782e+05,-6.3978e+05,1.1627
3.0761e+05,-6.4052e+05,1.1454
3.0734e+05,-6.4142e+05,1.128
3.0719e+05,-6.4227e+05,1.1108
3.0719e+05,-6.4343e+05,1.0943
3.0734e+05,-6.4417e+05,1.0794
3.074e+05,-6.4507e+05,1.0664
3.0729e+05,-6.4613e+05,1.0554
3.0734e+05,-6.4729e+05,1.0468
3.0793e+05,-6.4819e+05,1.0405
3.0904e+05,-6.4893e+05,1.0366
3.0973e+05,-6.4925e+05,1.0349
3.1031e+05,-6.4925e+05,1.0365
3.1073e+05,-6.4856e+05,1.0423
3.1153e+05,-6.4872e+05,1.0519
3.1227e+05,-6.4893e+05,1.0652
3.1306e+05,-6.4888e+05,1.0821
3.138e+05,-6.483e+05,1.1023
3.1454e+05,-6.4803e+05,1.1251
3.1534e+05,-6.4825e+05,1.1491
3.1613e+05,-6.4877e+05,1.1735
3.1713e+05,-6.4909e+05,1.1983
3.1798e+05,-6.4909e+05,1.2231
3.1856e+05,-6.4877e+05,1.2475
3.1952e+05,-6.4952e+05,1.2713
3.1989e+05,-6.5026e+05,1.294
3.2068e+05,-6.5089e+05,1.3145
3.2131e+05,-6.5052e+05,1.332
3.2211e+05,-6.5079e+05,1.3465
3.2306e+05,-6.5169e+05,1.3579
3.238e+05,-6.5243e+05,1.3661
3.2407e+05,-6.5296e+05,1.3707
3.2417e+05,-6.5354e+05,1.3715
3.2375e+05,-6.5407e+05,1.3688
3.2338e+05,-6.5481e+05,1.3631
3.2333e+05,-6.5523e+05,1.3548
3.2348e+05,-6.5576e+05,1.3447
3.2375e+05,-6.5602e+05,1.3334
3.2423e+05,-6.5666e+05,1.3219
3.2454e+05,-6.5719e+05,1.3109
3.2497e+05,-6.5761e+05,1.3011
3.2555e+05,-6.5809e+05,1.2929
3.265e+05,-6.583e+05,1.2854
3.2671e+05,-6.5772e+05,1.2779
3.2708e+05,-6.5708e+05,1.2697
3.2745e+05,-6.5634e+05,1.2605
3.2756e+05,-6.5512e+05,1.2512
3.2825e+05,-6.5433e+05,1.2424
3.2904e+05,-6.5486e+05,1.2345
3.2962e+05,-6.5592e+05,1.2276
3.2978e+05,-6.5682e+05,1.2216
3.301e+05,-6.5745e+05,1.2164
3.3079e+05,-6.5878e+05,1.2114
3.3137e+05,-6.5946e+05,1.2062
3.32e+05,-6.6005e+05,1.2002
3.332e+05,-6.6004e+05,1.1934
3.3368e+05,-6.5961e+05,1.187
3.3431e+05,-6.5914e+05,1.182
3.35e+05,-6.5898e+05,1.1787
3.3564e+05,-6.5903e+05,1.1774
3.3611e+05,-6.5919e+05,1.1777
3.368e+05,-6.5946e+05,1.1798
3.3749e+05,-6.5946e+05,1.184
3.3828e+05,-6.5946e+05,1.1906
3.3945e+05,-6.593e+05,1.1995
3.3998e+05,-6.5871e+05,1.2096
3.4024e+05,-6.5803e+05,1.2208
3.404e+05,-6.5729e+05,1.2329
3.4072e+05,-6.5692e+05,1.2454
3.4158e+05,-6.5634e+05,1.2577
3.4211e+05,-6.5719e+05,1.2683
3.4243e+05,-6.5819e+05,1.2761
3.4301e+05,-6.5899e+05,1.2815
3.4423e+05,-6.5931e+05,1.2851
3.4529e+05,-6.5904e+05,1.2872
3.4613e+05,-6.5931e+05,1.2876
3.4656e+05,-6.5962e+05,1.2857
3.4671e+05,-6.6058e+05,1.2801
3.4698e+05,-6.6179e+05,1.2707
3.4677e+05,-6.6243e+05,1.259
3.4608e+05,-6.629e+05,1.246
3.4566e+05,-6.6322e+05,1.2324
3.4518e+05,-6.6375e+05,1.2191
3.4497e+05,-6.6439e+05,1.2075
3.4465e+05,-6.6544e+05,1.1991
3.4507e+05,-6.6618e+05,1.1947
3.4703e+05,-6.6661e+05,1.194
3.482e+05,-6.6671e+05,1.1963
3.4915e+05,-6.6603e+05,1.2012
3.4963e+05,-6.6534e+05,1.208
3.5021e+05,-6.6454e+05,1.2171
3.5084e+05,-6.638e+05,1.2299
3.519e+05,-6.629e+05,1.2465
3.5301e+05,-6.6248e+05,1.2659
3.5407e+05,-6.619e+05,1.2876
3.556e+05,-6.6195e+05,1.3109
3.5814e+05,-6.6227e+05,1.3349
3.5952e+05,-6.6227e+05,1.3586
3.6037e+05,-6.62e+05,1.3811
3.6153e+05,-6.6132e+05,1.4023
3.6243e+05,-6.6052e+05,1.4229
3.6317e+05,-6.5936e+05,1.4432
3.6423e+05,-6.5946e+05,1.463
3.6471e+05,-6.5978e+05,1.4819
3.6513e+05,-6.6026e+05,1.499
3.6571e+05,-6.6079e+05,1.5124
3.6656e+05,-6.6153e+05,1.5222
3.6719e+05,-6.6243e+05,1.5284
3.6788e+05,-6.6322e+05,1.5316
3.6857e+05,-6.6412e+05,1.5324
3.6915e+05,-6.6449e+05,1.5315
3.7032e+05,-6.6444e+05,1.5292
3.7148e+05,-6.6375e+05,1.5255
3.7254e+05,-6.6327e+05,1.5203
3.7376e+05,-6.6338e+05,1.5132
3.7428e+05,-6.6364e+05,1.5042
3.7497e+05,-6.6401e+05,1.4944
3.7592e+05,-6.6491e+05,1.4848
3.7709e+05,-6.6544e+05,1.4768
3.7751e+05,-6.6587e+05,1.4722
3.7804e+05,-6.6645e+05,1.4709
3.7908e+05,-6.6644e+05,1.4723
3.7993e+05,-6.6644e+05,1.4754
3.8014e+05,-6.6628e+05,1.4792
3.8003e+05,-6.6581e+05,1.4826
3.7982e+05,-6.6543e+05,1.4849
3.7961e+05,-6.6496e+05,1.4859
3.7966e+05,-6.6454e+05,1.4849
3.8035e+05,-6.6469e+05,1.4816
3.8093e+05,-6.6501e+05,1.4754
3.8136e+05,-6.6528e+05,1.4654
3.8236e+05,-6.6554e+05,1.4512
3.8326e+05,-6.657e+05,1.4324
3.8452e+05,-6.6601e+05,1.409
3.8591e+05,-6.6681e+05,1.3816
3.8665e+05,-6.6734e+05,1.352
3.8702e+05,-6.6766e+05,1.3213
3.8702e+05,-6.6824e+05,1.2901
3.8697e+05,-6.6872e+05,1.2596
3.8702e+05,-6.6924e+05,1.2309
3.8685e+05,-6.7004e+05,1.2048
3.881e+05,-6.7052e+05,1.1823
3.8937e+05,-6.7052e+05,1.1643
3.9037e+05,-6.6989e+05,1.1515
3.9175e+05,-6.6947e+05,1.1448
3.9281e+05,-6.6984e+05,1.1442
3.9402e+05,-6.7026e+05,1.1491
3.9482e+05,-6.7089e+05,1.1584
3.9561e+05,-6.7163e+05,1.171
3.963e+05,-6.7248e+05,1.1858
3.9667e+05,-6.7328e+05,1.2028
3.9651e+05,-6.7407e+05,1.2218
3.9587e+05,-6.7455e+05,1.2426
3.9524e+05,-6.7486e+05,1.265
3.9429e+05,-6.7507e+05,1.2887
3.9307e+05,-6.7555e+05,1.3136
3.9238e+05,-6.7608e+05,1.3393
3.9175e+05,-6.7693e+05,1.3651
3.9053e+05,-6.7799e+05,1.3898
3.8974e+05,-6.7814e+05,1.412
3.8921e+05,-6.783e+05,1.4317
3.882e+05,-6.7846e+05,1.4495
3.8773e+05,-6.7888e+05,1.4656
3.872e+05,-6.7968e+05,1.4796
3.8688e+05,-6.8058e+05,1.4907
3.8672e+05,-6.8116e+05,1.4993
3.8688e+05,-6.8201e+05,1.5054
3.8741e+05,-6.8285e+05,1.5086
3.8773e+05,-6.8338e+05,1.508
3.8788e+05,-6.8381e+05,1.5027
3.8714e+05,-6.8476e+05,1.4921
3.8714e+05,-6.8545e+05,1.4759
3.8735e+05,-6.8598e+05,1.4555
3.8704e+05,-6.8656e+05,1.4327
3.851e+05,-6.8552e+05,1.4084
3.843e+05,-6.8508e+05,1.3834
3.8316e+05,-6.8473e+05,1.3581
3.821e+05,-6.8473e+05,1.3334
3.8148e+05,-6.8508e+05,1.3095
3.8069e+05,-6.8587e+05,1.286
3.8007e+05,-6.8596e+05,1.2628
3.7963e+05,-6.8649e+05,1.2406
3.7972e+05,-6.8746e+05,1.2208
3.8122e+05,-6.8878e+05,1.205
3.8245e+05,-6.8905e+05,1.1942
3.8307e+05,-6.8922e+05,1.189
3.8377e+05,-6.8984e+05,1.1889
3.8519e+05,-6.9161e+05,1.1932
3.8616e+05,-6.9293e+05,1.2013
3.8774e+05,-6.9443e+05,1.2127
3.8854e+05,-6.9531e+05,1.2267
3.8951e+05,-6.9628e+05,1.2426
3.9021e+05,-6.9743e+05,1.2605
3.903e+05,-6.984e+05,1.2801
3.8889e+05,-6.9848e+05,1.3007
3.8774e+05,-6.9831e+05,1.3214
3.8668e+05,-6.9804e+05,1.3409
3.851e+05,-6.9769e+05,1.3578
3.8422e+05,-6.976e+05,1.371
3.8354e+05,-6.9726e+05,1.3807
3.8317e+05,-6.9784e+05,1.3873
3.8311e+05,-6.9842e+05,1.3904
3.8311e+05,-6.9932e+05,1.3891
3.8311e+05,-7.0017e+05,1.3826
3.8311e+05,-7.0086e+05,1.3709
3.8327e+05,-7.016e+05,1.3547
3.8327e+05,-7.0223e+05,1.3348
3.8327e+05,-7.0287e+05,1.3125
3.8327e+05,-7.0361e+05,1.2892
3.8322e+05,-7.0424e+05,1.2662
3.828e+05,-7.0467e+05,1.244
3.8237e+05,-7.0525e+05,1.223
3.8243e+05,-7.0594e+05,1.2035
3.8296e+05,-7.0689e+05,1.185
3.8306e+05,-7.0731e+05,1.167
3.8317e+05,-7.0811e+05,1.1502
3.8306e+05,-7.0874e+05,1.1362
3.8248e+05,-7.0927e+05,1.1259
3.8163e+05,-7.0959e+05,1.1196
3.8142e+05,-7.1017e+05,1.1171
3.8137e+05,-7.1065e+05,1.1176
3.8139e+05,-7.1163e+05,1.1204
3.816e+05,-7.1226e+05,1.1244
3.8187e+05,-7.1284e+05,1.1291
3.8229e+05,-7.1348e+05,1.1352
3.8213e+05,-7.1507e+05,1.1434
3.8192e+05,-7.1586e+05,1.1545
3.816e+05,-7.1676e+05,1.168
3.8134e+05,-7.1761e+05,1.1836
3.8113e+05,-7.1851e+05,1.2004
3.8055e+05,-7.1946e+05,1.217
3.7996e+05,-7.1993e+05,1.233
3.7959e+05,-7.2078e+05,1.2485
3.7938e+05,-7.2189e+05,1.2633
3.7885e+05,-7.2226e+05,1.2775
3.7885e+05,-7.2332e+05,1.2909
3.7943e+05,-7.2438e+05,1.3029
3.8023e+05,-7.257e+05,1.3134
3.8065e+05,-7.2676e+05,1.3212
3.8139e+05,-7.2734e+05,1.3245
3.8229e+05,-7.275e+05,1.3225
3.8298e+05,-7.2814e+05,1.3164
3.8256e+05,-7.2893e+05,1.307
3.8256e+05,-7.2978e+05,1.2953
3.8356e+05,-7.3036e+05,1.2828
3.8457e+05,-7.3062e+05,1.2701
3.8552e+05,-7.3089e+05,1.2574
3.8563e+05,-7.3152e+05,1.2442
3.8478e+05,-7.3237e+05,1.2305
3.8404e+05,-7.3274e+05,1.2163
3.834e+05,-7.3369e+05,1.202
3.8425e+05,-7.3443e+05,1.1882
3.8499e+05,-7.347e+05,1.1763
3.8563e+05,-7.3533e+05,1.168
3.862e+05,-7.3606e+05,1.1643
3.8604e+05,-7.3649e+05,1.1646
3.8614e+05,-7.3749e+05,1.1683
3.8636e+05,-7.385e+05,1.1751
3.8678e+05,-7.3961e+05,1.1843
3.8699e+05,-7.4072e+05,1.1951
3.8736e+05,-7.4215e+05,1.2074
3.8731e+05,-7.4294e+05,1.2219
3.871e+05,-7.4384e+05,1.2387
3.871e+05,-7.4479e+05,1.2579
3.8715e+05,-7.4554e+05,1.2789
3.8757e+05,-7.4633e+05,1.3012
3.881e+05,-7.4755e+05,1.3234
3.8826e+05,-7.4887e+05,1.3446
3.8874e+05,-7.4987e+05,1.3645
3.8916e+05,-7.5083e+05,1.3831
3.8943e+05,-7.5146e+05,1.4002
3.8948e+05,-7.5226e+05,1.4155
3.8916e+05,-7.531e+05,1.4286
3.8853e+05,-7.5395e+05,1.4397
3.8826e+05,-7.5469e+05,1.449
3.8826e+05,-7.5554e+05,1.4563
3.8895e+05,-7.5654e+05,1.4615
3.898e+05,-7.5739e+05,1.465
3.9096e+05,-7.5861e+05,1.467
3.917e+05,-7.5919e+05,1.4679
3.9202e+05,-7.6003e+05,1.4677
3.9112e+05,-7.6088e+05,1.4663
3.9011e+05,-7.6125e+05,1.4634
3.8879e+05,-7.6125e+05,1.4592
3.871e+05,-7.612e+05,1.4542
3.8625e+05,-7.6141e+05,1.4483
3.8546e+05,-7.6231e+05,1.4415
3.8583e+05,-7.6337e+05,1.4334
3.8657e+05,-7.6411e+05,1.4239
3.8662e+05,-7.6559e+05,1.413
3.8604e+05,-7.6644e+05,1.4014
3.8493e+05,-7.666e+05,1.3895
3.836e+05,-7.6713e+05,1.3776
3.8271e+05,-7.6787e+05,1.3662
3.8202e+05,-7.6877e+05,1.3563
3.8144e+05,-7.6945e+05,1.3479
3.8101e+05,-7.7004e+05,1.3411
3.8064e+05,-7.7072e+05,1.3354
3.7995e+05,-7.7148e+05,1.3308
3.7969e+05,-7.7164e+05,1.3281
3.7884e+05,-7.7222e+05,1.3282
3.781e+05,-7.728e+05,1.3319
3.772e+05,-7.7365e+05,1.3394
3.7662e+05,-7.7429e+05,1.351
3.7593e+05,-7.7497e+05,1.3665
3.7471e+05,-7.7572e+05,1.3852
3.7387e+05,-7.7619e+05,1.4066
3.7281e+05,-7.7693e+05,1.4304
3.717e+05,-7.782e+05,1.4553
3.7117e+05,-7.7915e+05,1.4816
3.7106e+05,-7.8021e+05,1.5094
3.7143e+05,-7.818e+05,1.5384
3.7196e+05,-7.827e+05,1.5683
3.726e+05,-7.8355e+05,1.5986
3.745e+05,-7.8471e+05,1.6287
3.7509e+05,-7.8503e+05,1.6575
3.763e+05,-7.8588e+05,1.6841
3.7641e+05,-7.8651e+05,1.7071
3.7583e+05,-7.8736e+05,1.725
3.7556e+05,-7.8783e+05,1.7373
3.7556e+05,-7.89e+05,1.7435
3.753e+05,-7.9027e+05,1.7432
3.7461e+05,-7.9006e+05,1.7368
3.7397e+05,-7.8953e+05,1.7241
3.7334e+05,-7.8969e+05,1.7051
3.7276e+05,-7.9027e+05,1.6801
3.7217e+05,-7.9111e+05,1.6495
3.7159e+05,-7.9196e+05,1.6132
3.7159e+05,-7.9265e+05,1.5717
3.7286e+05,-7.9387e+05,1.5266
3.7371e+05,-7.9487e+05,1.4789
3.7366e+05,-7.9582e+05,1.4297
3.7318e+05,-7.9582e+05,1.3808
3.7175e+05,-7.9519e+05,1.3339
3.7069e+05,-7.9439e+05,1.2899
3.6969e+05,-7.935e+05,1.2497
3.6879e+05,-7.9328e+05,1.2138
3.6768e+05,-7.9339e+05,1.1829
3.6741e+05,-7.9371e+05,1.1577
3.6736e+05,-7.9439e+05,1.1386
3.6741e+05,-7.9588e+05,1.1258
3.6842e+05,-7.9741e+05,1.1191
3.6974e+05,-7.9826e+05,1.1181
3.7069e+05,-7.9879e+05,1.1209
3.7143e+05,-8.0016e+05,1.1273
3.7117e+05,-8.0117e+05,1.1376
3.7059e+05,-8.0186e+05,1.1516
3.7001e+05,-8.026e+05,1.1686
3.69e+05,-8.0344e+05,1.1886
3.681e+05,-8.035e+05,1.211
3.6709e+05,-8.0334e+05,1.2347
3.6609e+05,-8.0254e+05,1.2586
3.6508e+05,-8.0186e+05,1.2821
3.6408e+05,-8.0101e+05,1.3043
3.6323e+05,-8.0048e+05,1.3249
3.6217e+05,-7.9963e+05,1.344
3.6133e+05,-7.9942e+05,1.3627
3.609e+05,-7.9963e+05,1.382
3.6022e+05,-8e+05,1.4018
3.5963e+05,-8.0006e+05,1.4211
3.591e+05,-8.0048e+05,1.4386
3.5757e+05,-8.0085e+05,1.4533
3.572e+05,-8.0112e+05,1.4638
3.5678e+05,-8.0175e+05,1.4705
3.5651e+05,-8.0212e+05,1.4746
3.5646e+05,-8.0323e+05,1.4768
3.5662e+05,-8.0418e+05,1.4778
3.5672e+05,-8.0508e+05,1.4779
3.5667e+05,-8.0577e+05,1.4772
3.5614e+05,-8.063e+05,1.4751
3.5577e+05,-8.063e+05,1.471
3.5503e+05,-8.0588e+05,1.4642
3.5498e+05,-8.0551e+05,1.4545
3.5498e+05,-8.0503e+05,1.4428
3.5477e+05,-8.0392e+05,1.4296
3.5402e+05,-8.0286e+05,1.4162
3.536e+05,-8.0276e+05,1.4034
3.5265e+05,-8.0276e+05,1.3913
3.5143e+05,-8.027e+05,1.3796
3.5064e+05,-8.0207e+05,1.3679
3.4974e+05,-8.0186e+05,1.3553
3.4921e+05,-8.0281e+05,1.3419
3.4916e+05,-8.0344e+05,1.3276
3.4857e+05,-8.0418e+05,1.3126
3.4752e+05,-8.0503e+05,1.2974
3.4619e+05,-8.0588e+05,1.2825
3.4513e+05,-8.0635e+05,1.2685
3.4429e+05,-8.0725e+05,1.2554
3.4381e+05,-8.0815e+05,1.2443
3.4339e+05,-8.0905e+05,1.2359
3.4286e+05,-8.1001e+05,1.2302
3.4201e+05,-8.1053e+05,1.227
3.4106e+05,-8.1143e+05,1.2257
3.4027e+05,-8.1212e+05,1.2263
3.3947e+05,-8.1217e+05,1.2291
3.3884e+05,-8.1186e+05,1.2343
3.3863e+05,-8.1106e+05,1.2422
3.3783e+05,-8.1069e+05,1.2521
3.3746e+05,-8.1122e+05,1.2632
3.3656e+05,-8.1191e+05,1.2747
3.3609e+05,-8.1101e+05,1.2853
3.3614e+05,-8.0953e+05,1.2945
3.3577e+05,-8.0842e+05,1.3012
3.3508e+05,-8.0778e+05,1.3043
3.3503e+05,-8.0704e+05,1.3037
3.3524e+05,-8.0657e+05,1.3
3.3566e+05,-8.0593e+05,1.2942
3.3635e+05,-8.0519e+05,1.2868
3.3741e+05,-8.0482e+05,1.2781
3.3841e+05,-8.0392e+05,1.2679
3.391e+05,-8.0328e+05,1.2564
3.3974e+05,-8.0217e+05,1.2449
3.3984e+05,-8.0117e+05,1.2345
3.4016e+05,-8.0016e+05,1.2263
3.4069e+05,-8.0016e+05,1.2207
3.4169e+05,-7.9995e+05,1.2175
3.4217e+05,-7.9963e+05,1.2167
3.4244e+05,-7.9905e+05,1.2183
3.4281e+05,-7.9858e+05,1.2218
3.4349e+05,-7.9805e+05,1.227
3.4408e+05,-7.9752e+05,1.2331
3.4476e+05,-7.9699e+05,1.2401
3.4529e+05,-7.9683e+05,1.2479
3.4662e+05,-7.9709e+05,1.2564
3.482e+05,-7.9715e+05,1.2654
3.4947e+05,-7.9656e+05,1.2744
3.5016e+05,-7.9482e+05,1.2831
3.5053e+05,-7.9387e+05,1.2905
3.5006e+05,-7.9286e+05,1.2974
3.4942e+05,-7.9223e+05,1.3043
3.4852e+05,-7.9185e+05,1.3118
3.4794e+05,-7.9159e+05,1.3201
3.4725e+05,-7.9111e+05,1.3296
3.4619e+05,-7.9122e+05,1.3396
3.4513e+05,-7.9148e+05,1.3495
3.4445e+05,-7.9154e+05,1.3589
3.4397e+05,-7.9133e+05,1.3676
3.436e+05,-7.9058e+05,1.3756
3.436e+05,-7.8979e+05,1.3825
3.4365e+05,-7.8879e+05,1.3879
3.4381e+05,-7.8804e+05,1.3915
3.4413e+05,-7.8709e+05,1.3941
3.4423e+05,-7.8625e+05,1.396
3.4429e+05,-7.855e+05,1.3971
3.445e+05,-7.8445e+05,1.3972
3.4466e+05,-7.8386e+05,1.3959
3.4471e+05,-7.8323e+05,1.3933
3.4455e+05,-7.8233e+05,1.3896
3.4439e+05,-7.8196e+05,1.3856
3.4355e+05,-7.8175e+05,1.3817
3.4291e+05,-7.8207e+05,1.3774
3.4249e+05,-7.8238e+05,1.3726
