3.2672e+05,2.3841e+05,1.2486
3.2719e+05,2.3816e+05,1.2387
3.2745e+05,2.3798e+05,1.2284
3.2773e+05,2.3777e+05,1.2182
3.2793e+05,2.3746e+05,1.2085
3.2785e+05,2.3704e+05,1.2003
3.2745e+05,2.3684e+05,1.1925
3.2702e+05,2.3675e+05,1.1842
3.2666e+05,2.3687e+05,1.1741
3.2631e+05,2.37e+05,1.1607
3.2597e+05,2.3717e+05,1.1444
3.2561e+05,2.3728e+05,1.1249
3.2529e+05,2.373e+05,1.1017
3.2495e+05,2.3716e+05,1.0816
3.2429e+05,2.364e+05,1.0657
3.2408e+05,2.3429e+05,1.0539
3.2238e+05,2.3397e+05,1.0465
3.2154e+05,2.3566e+05,1.0433
3.1952e+05,2.3672e+05,1.044
3.1825e+05,2.3651e+05,1.0479
3.1593e+05,2.3418e+05,1.0545
3.1529e+05,2.3206e+05,1.0643
3.1688e+05,2.3037e+05,1.0773
3.1868e+05,2.2942e+05,1.0939
3.1995e+05,2.2868e+05,1.1134
3.2132e+05,2.2582e+05,1.136
3.2069e+05,2.2413e+05,1.162
3.2005e+05,2.2201e+05,1.1878
3.2175e+05,2.2063e+05,1.2129
3.2376e+05,2.2042e+05,1.2363
3.2662e+05,2.2042e+05,1.2572
3.281e+05,2.1947e+05,1.2752
3.2916e+05,2.1725e+05,1.2899
3.2831e+05,2.1492e+05,1.3009
3.264e+05,2.1312e+05,1.3082
3.2302e+05,2.109e+05,1.311
3.2185e+05,2.0889e+05,1.3098
3.2185e+05,2.0518e+05,1.3054
3.2185e+05,2.0211e+05,1.2983
3.2386e+05,1.9915e+05,1.2891
3.2482e+05,1.9619e+05,1.2781
3.2471e+05,1.9333e+05,1.266
3.2386e+05,1.9058e+05,1.2528
3.2302e+05,1.8888e+05,1.2398
3.1974e+05,1.8825e+05,1.2283
3.1804e+05,1.891e+05,1.2188
3.1603e+05,1.8846e+05,1.2119
3.1487e+05,1.8719e+05,1.2087
3.155e+05,1.8486e+05,1.2101
3.155e+05,1.838e+05,1.2162
3.1317e+05,1.8349e+05,1.2261
3.1042e+05,1.8306e+05,1.239
3.0831e+05,1.8391e+05,1.2539
3.045e+05,1.8624e+05,1.2699
3.0206e+05,1.8751e+05,1.2859
3.0047e+05,1.8793e+05,1.3011
2.9857e+05,1.9068e+05,1.3147
2.9698e+05,1.9291e+05,1.3259
2.955e+05,1.9502e+05,1.3344
2.9402e+05,1.982e+05,1.3403
2.9243e+05,2.0042e+05,1.3437
2.9063e+05,2.0254e+05,1.3441
2.8957e+05,2.0444e+05,1.3405
2.8904e+05,2.0624e+05,1.3341
2.8661e+05,2.0539e+05,1.3257
2.8407e+05,2.0455e+05,1.3163
2.8238e+05,2.0444e+05,1.3067
2.8142e+05,2.0264e+05,1.2977
2.8026e+05,1.9979e+05,1.2901
2.8121e+05,1.9777e+05,1.2843
2.8142e+05,1.9576e+05,1.2804
2.81e+05,1.9375e+05,1.2781
2.809e+05,1.9217e+05,1.2768
2.809e+05,1.892e+05,1.2754
2.8185e+05,1.8719e+05,1.2738
2.8354e+05,1.8613e+05,1.2716
2.8566e+05,1.8486e+05,1.2691
2.8587e+05,1.8349e+05,1.2665
2.8619e+05,1.8158e+05,1.2638
2.8693e+05,1.7936e+05,1.2611
2.8767e+05,1.7851e+05,1.2587
2.8936e+05,1.7661e+05,1.2565
2.9021e+05,1.7502e+05,1.2535
2.9169e+05,1.7312e+05,1.2502
2.9127e+05,1.711e+05,1.2469
2.9e+05,1.6867e+05,1.2446
2.901e+05,1.6749e+05,1.2442
2.8951e+05,1.6715e+05,1.2464
2.8892e+05,1.6681e+05,1.2515
2.8832e+05,1.6646e+05,1.2594
2.8765e+05,1.6608e+05,1.2699
2.8725e+05,1.637e+05,1.282
2.8852e+05,1.6137e+05,1.2946
2.8989e+05,1.5946e+05,1.3066
2.9084e+05,1.5893e+05,1.3167
2.9169e+05,1.5893e+05,1.3244
2.9254e+05,1.5798e+05,1.3305
2.9349e+05,1.5766e+05,1.3346
2.9487e+05,1.5639e+05,1.3364
2.9741e+05,1.5449e+05,1.335
2.992e+05,1.5332e+05,1.3298
3.01e+05,1.5269e+05,1.3201
3.0407e+05,1.5332e+05,1.3061
3.0587e+05,1.5364e+05,1.289
3.0852e+05,1.5375e+05,1.2692
3.1127e+05,1.5428e+05,1.2473
3.1381e+05,1.5534e+05,1.2243
3.1688e+05,1.5618e+05,1.2012
3.1878e+05,1.5512e+05,1.179
3.1889e+05,1.5269e+05,1.1586
3.1921e+05,1.5068e+05,1.1405
3.2016e+05,1.4793e+05,1.1259
3.209e+05,1.4507e+05,1.1153
3.2228e+05,1.4189e+05,1.1093
3.2259e+05,1.3925e+05,1.1084
3.2164e+05,1.3692e+05,1.1131
3.2281e+05,1.3597e+05,1.1225
3.2439e+05,1.3787e+05,1.1352
3.2598e+05,1.3999e+05,1.1507
3.2884e+05,1.4274e+05,1.1693
3.3021e+05,1.4264e+05,1.1909
3.3032e+05,1.4052e+05,1.2141
3.2968e+05,1.3819e+05,1.2379
3.2884e+05,1.3533e+05,1.261
3.2852e+05,1.3237e+05,1.2822
3.2704e+05,1.2835e+05,1.2995
3.2587e+05,1.2602e+05,1.3134
3.2609e+05,1.2221e+05,1.3239
3.2714e+05,1.1978e+05,1.3311
3.2968e+05,1.1776e+05,1.3352
3.3244e+05,1.1851e+05,1.3374
3.3551e+05,1.1956e+05,1.3381
3.372e+05,1.2052e+05,1.3373
3.3783e+05,1.2105e+05,1.3342
3.4175e+05,1.2454e+05,1.3283
3.4334e+05,1.2538e+05,1.3212
3.445e+05,1.2443e+05,1.3142
3.4355e+05,1.2126e+05,1.3086
3.4111e+05,1.1776e+05,1.3056
3.4037e+05,1.148e+05,1.3063
3.3995e+05,1.1247e+05,1.3103
3.4069e+05,1.1025e+05,1.3174
3.427e+05,1.0845e+05,1.3266
3.4503e+05,1.0718e+05,1.3369
3.4641e+05,1.0549e+05,1.3471
3.4492e+05,1.0305e+05,1.3585
3.4101e+05,98503,1.3712
3.4048e+05,95645,1.3852
3.427e+05,92365,1.4008
3.4556e+05,90671,1.4171
3.4704e+05,88766,1.4333
3.4831e+05,85909,1.4486
3.4969e+05,83474,1.4621
3.5138e+05,81464,1.4726
3.5381e+05,79241,1.4791
3.5593e+05,77230,1.4812
3.5784e+05,75219,1.4793
3.5995e+05,74690,1.4743
3.6069e+05,72468,1.4665
3.608e+05,69081,1.4549
3.6112e+05,66964,1.4399
3.6196e+05,63895,1.4225
3.6397e+05,63895,1.4026
3.6524e+05,63684,1.3808
3.6313e+05,61461,1.3572
3.6038e+05,59450,1.3321
3.6218e+05,56381,1.306
3.626e+05,54582,1.2801
3.6429e+05,52465,1.2556
3.6651e+05,51195,1.2334
3.6577e+05,49079,1.2136
3.6355e+05,46539,1.1966
3.6355e+05,44951,1.182
3.6577e+05,43575,1.17
3.68e+05,44422,1.1597
3.6948e+05,43787,1.151
3.6927e+05,42199,1.1442
3.6916e+05,41035,1.1391
3.6898e+05,38866,1.1358
3.6964e+05,37146,1.134
3.7083e+05,36220,1.1336
3.6977e+05,33839,1.1345
3.6778e+05,31590,1.1367
3.6778e+05,29605,1.1405
3.6765e+05,27753,1.1461
3.654e+05,26166,1.1535
3.6223e+05,26695,1.163
3.6157e+05,24710,1.1749
3.5919e+05,22329,1.1897
3.572e+05,20742,1.2072
3.5694e+05,18360,1.2277
3.5733e+05,16508,1.2516
3.5971e+05,14259,1.2792
3.6183e+05,11746,1.3105
3.6408e+05,9232.3,1.3453
3.6448e+05,6983.3,1.3831
3.6368e+05,3543.7,1.4231
3.617e+05,0,1.4647
3.5773e+05,-4790.7,1.5068
3.5694e+05,-8494.9,1.5495
3.5694e+05,-11008,1.5927
3.5786e+05,-13522,1.6363
3.5945e+05,-16962,1.6802
3.6104e+05,-20666,1.7237
3.621e+05,-24502,1.7656
3.6342e+05,-29529,1.8049
3.654e+05,-33630,1.8413
3.6699e+05,-37070,1.8747
3.6726e+05,-40642,1.9052
3.6778e+05,-45537,1.9329
3.6911e+05,-48844,1.9575
3.707e+05,-53077,1.9788
3.7281e+05,-54665,1.9969
3.7652e+05,-54797,2.0117
3.83e+05,-53077,2.0224
3.8816e+05,-52945,2.0283
3.9107e+05,-52680,2.0293
3.9517e+05,-51887,2.0263
3.9887e+05,-51887,2.0201
4.0324e+05,-50696,2.0112
4.0787e+05,-48315,1.9998
4.1144e+05,-45669,1.9868
4.162e+05,-42891,1.9724
4.1911e+05,-42758,1.9569
4.2295e+05,-43420,1.9415
4.2599e+05,-45007,1.9271
4.2824e+05,-45007,1.9141
4.3062e+05,-44611,1.9024
4.3367e+05,-44478,1.893
4.3684e+05,-43685,1.8862
4.3988e+05,-42494,1.8821
4.4359e+05,-40906,1.8804
4.4504e+05,-39451,1.8809
4.4597e+05,-38657,1.8837
4.4716e+05,-37202,1.8892
4.4994e+05,-35218,1.8965
4.5219e+05,-34027,1.9056
4.5444e+05,-32440,1.9162
4.5523e+05,-31249,1.9273
4.5594e+05,-29679,1.9377
4.5764e+05,-27986,1.9466
4.5863e+05,-26575,1.9537
4.5997e+05,-24952,1.9592
4.5975e+05,-23400,1.9633
4.5898e+05,-21848,1.9661
4.5764e+05,-19731,1.9674
4.5891e+05,-18461,1.967
4.6067e+05,-17473,1.9643
4.618e+05,-17261,1.959
4.6286e+05,-15639,1.9515
4.6251e+05,-13875,1.9419
4.6173e+05,-12323,1.9302
4.6053e+05,-10488,1.9174
4.594e+05,-8441.9,1.9046
4.5884e+05,-6184.2,1.8925
4.5905e+05,-4138,1.8818
4.6018e+05,-1245.3,1.8717
4.6053e+05,0,1.8616
4.6138e+05,730.3,1.8512
4.6328e+05,3058.6,1.8407
4.6448e+05,4963.6,1.8297
4.6554e+05,7292,1.8179
4.6561e+05,9690.9,1.8047
4.6653e+05,12584,1.7893
4.6737e+05,16111,1.7712
4.6695e+05,18016,1.7505
4.673e+05,19569,1.7271
4.6879e+05,19075,1.701
4.7076e+05,18722,1.6723
4.7203e+05,18934,1.641
4.7252e+05,20839,1.6083
4.7189e+05,23308,1.5757
4.7154e+05,26483,1.5441
4.7245e+05,27965,1.5144
4.7429e+05,28035,1.4877
4.7633e+05,27753,1.4651
4.7923e+05,28035,1.4474
4.8127e+05,29870,1.4352
4.8311e+05,32128,1.4282
4.848e+05,33750,1.4259
4.8664e+05,35373,1.4275
4.8762e+05,36361,1.4318
4.8875e+05,37137,1.4382
4.9059e+05,39113,1.446
4.9172e+05,41511,1.4538
4.9235e+05,43699,1.4601
4.9165e+05,46450,1.4637
4.908e+05,47720,1.4638
4.8854e+05,47932,1.4599
4.8699e+05,48355,1.4517
4.8586e+05,49202,1.4394
4.8642e+05,50402,1.4236
4.8755e+05,51319,1.4055
4.9214e+05,52448,1.386
4.9447e+05,53506,1.3666
4.9771e+05,55340,1.3487
5.0131e+05,56610,1.3332
5.042e+05,57951,1.3207
5.0674e+05,59080,1.3118
5.0858e+05,59856,1.307
5.1267e+05,61479,1.3067
5.1606e+05,62537,1.3105
5.1994e+05,64160,1.3177
5.2213e+05,65289,1.3272
5.253e+05,65783,1.3381
5.2777e+05,65783,1.3492
5.3087e+05,66135,1.3596
5.3257e+05,67264,1.3685
5.3426e+05,68464,1.3748
5.3708e+05,68534,1.3776
5.392e+05,69804,1.3774
5.4047e+05,71074,1.3746
5.4202e+05,71498,1.3701
5.4428e+05,71780,1.3646
5.4738e+05,72133,1.3583
5.4887e+05,72768,1.3521
5.5014e+05,72838,1.3472
5.5056e+05,72133,1.3457
5.5049e+05,71004,1.3487
5.5014e+05,69452,1.3573
5.4929e+05,67194,1.3719
5.4865e+05,65571,1.3923
5.4795e+05,64230,1.4185
5.471e+05,62255,1.4499
5.4689e+05,60209,1.485
5.4724e+05,59433,1.5222
5.4872e+05,58798,1.5592
5.5098e+05,57387,1.5943
5.5261e+05,56540,1.6272
5.5481e+05,56024,1.6569
5.5856e+05,58890,1.6819
5.5723e+05,60213,1.7006
5.5569e+05,63300,1.7119
5.5613e+05,64843,1.7153
5.5922e+05,66828,1.7102
5.5966e+05,69474,1.6973
5.5856e+05,71458,1.6769
5.5657e+05,72781,1.6498
5.5547e+05,74765,1.6173
5.5768e+05,74324,1.5809
5.6054e+05,73001,1.5431
5.6319e+05,71237,1.5055
5.6539e+05,70576,1.4689
5.676e+05,69033,1.4344
5.6738e+05,66828,1.4026
5.6385e+05,67048,1.3743
5.6341e+05,66166,1.3496
5.6495e+05,63520,1.3285
5.6672e+05,61757,1.3111
5.7002e+05,60213,1.2976
5.7311e+05,60654,1.2882
5.7509e+05,62418,1.2825
5.7598e+05,65505,1.2798
5.7928e+05,65725,1.2787
5.8061e+05,64182,1.2774
5.8259e+05,65505,1.2748
5.8391e+05,63961,1.2704
5.8347e+05,59993,1.2635
5.8369e+05,56244,1.2543
5.8876e+05,56685,1.243
5.9273e+05,55362,1.2305
5.9692e+05,53599,1.2178
6.0199e+05,53819,1.2046
6.0508e+05,55583,1.1907
6.0706e+05,58008,1.1756
6.0795e+05,60875,1.1596
6.1169e+05,65505,1.1436
6.1677e+05,71017,1.129
6.2095e+05,74765,1.1175
6.2536e+05,76529,1.1101
6.3418e+05,76088,1.1065
6.3992e+05,74765,1.1064
6.4675e+05,73663,1.1092
6.5293e+05,74765,1.1139
6.5491e+05,75206,1.1197
6.5888e+05,75427,1.1251
6.6373e+05,75868,1.131
6.6792e+05,76750,1.1381
6.7211e+05,78734,1.1467
6.7497e+05,84026,1.1568
6.7718e+05,87333,1.1675
6.785e+05,90199,1.1779
6.7982e+05,92845,1.1869
6.8049e+05,96373,1.1942
6.8115e+05,99019,1.2012
6.8247e+05,1.0012e+05,1.2095
6.8247e+05,1.0144e+05,1.2205
6.8379e+05,1.0387e+05,1.2346
6.8468e+05,1.0674e+05,1.2521
6.8313e+05,1.1115e+05,1.2737
6.8181e+05,1.1313e+05,1.2986
6.763e+05,1.1269e+05,1.3262
6.7056e+05,1.1115e+05,1.3561
6.6571e+05,1.1379e+05,1.3884
6.6638e+05,1.1644e+05,1.4239
6.6814e+05,1.1776e+05,1.4631
6.7034e+05,1.1666e+05,1.5059
6.7123e+05,1.1754e+05,1.5516
6.7034e+05,1.2041e+05,1.5985
6.6924e+05,1.2305e+05,1.6451
6.7145e+05,1.2548e+05,1.6904
6.7321e+05,1.2548e+05,1.7349
6.7706e+05,1.2688e+05,1.779
6.7777e+05,1.2847e+05,1.8228
6.7918e+05,1.3199e+05,1.8664
6.813e+05,1.3341e+05,1.9099
6.8306e+05,1.3482e+05,1.9531
6.8218e+05,1.3658e+05,1.9959
6.8042e+05,1.3764e+05,2.0365
6.7742e+05,1.3746e+05,2.0738
6.7583e+05,1.3729e+05,2.1077
6.7301e+05,1.3693e+05,2.1393
6.7036e+05,1.3817e+05,2.1683
6.7036e+05,1.4064e+05,2.1946
6.7089e+05,1.4258e+05,2.2178
6.6948e+05,1.4364e+05,2.2367
6.6666e+05,1.4611e+05,2.2507
6.663e+05,1.4893e+05,2.26
6.6807e+05,1.5246e+05,2.2649
6.6895e+05,1.5563e+05,2.2651
6.7019e+05,1.5898e+05,2.2602
6.7265e+05,1.6128e+05,2.2498
6.7495e+05,1.6251e+05,2.2356
6.7706e+05,1.6322e+05,2.2186
6.79e+05,1.6339e+05,2.1988
6.82e+05,1.6763e+05,2.1755
6.8624e+05,1.6815e+05,2.1498
6.8941e+05,1.7045e+05,2.1234
6.8906e+05,1.7292e+05,2.096
6.8729e+05,1.7539e+05,2.068
6.8447e+05,1.7891e+05,2.0391
6.8359e+05,1.8315e+05,2.0091
6.8465e+05,1.865e+05,1.9775
6.8641e+05,1.9038e+05,1.9451
6.8571e+05,1.9391e+05,1.913
6.8289e+05,1.9585e+05,1.882
6.8289e+05,1.9814e+05,1.8517
6.8306e+05,2.0132e+05,1.8219
6.8518e+05,2.0502e+05,1.7928
6.8606e+05,2.0749e+05,1.7646
6.8624e+05,2.0908e+05,1.7365
6.8677e+05,2.1137e+05,1.7073
6.8588e+05,2.1366e+05,1.6785
6.8483e+05,2.1525e+05,1.6507
6.8377e+05,2.1772e+05,1.6239
6.8324e+05,2.2072e+05,1.598
6.8394e+05,2.2266e+05,1.5728
6.8412e+05,2.2548e+05,1.5473
6.8253e+05,2.2813e+05,1.5208
6.8059e+05,2.2989e+05,1.4933
6.79e+05,2.3201e+05,1.4648
6.7706e+05,2.3518e+05,1.4355
6.7636e+05,2.3695e+05,1.4066
6.7495e+05,2.3889e+05,1.3785
6.7336e+05,2.4171e+05,1.3518
6.723e+05,2.4136e+05,1.3272
6.7036e+05,2.4083e+05,1.3035
6.6983e+05,2.4365e+05,1.2803
6.7019e+05,2.4594e+05,1.2581
6.7265e+05,2.4912e+05,1.2378
6.7001e+05,2.5e+05,1.2201
6.6824e+05,2.5053e+05,1.206
6.6595e+05,2.5141e+05,1.1964
6.6348e+05,2.5353e+05,1.191
6.626e+05,2.5459e+05,1.1892
6.6101e+05,2.5653e+05,1.1901
6.5801e+05,2.5917e+05,1.1915
6.5708e+05,2.5995e+05,1.1931
6.5658e+05,2.6014e+05,1.1942
6.5566e+05,2.6022e+05,1.1945
6.5488e+05,2.601e+05,1.1952
6.5382e+05,2.5992e+05,1.1972
6.5319e+05,2.5917e+05,1.2013
6.5192e+05,2.5858e+05,1.2076
6.512e+05,2.59e+05,1.2164
6.5126e+05,2.6016e+05,1.227
6.5104e+05,2.6134e+05,1.2379
6.5097e+05,2.6239e+05,1.2489
6.5097e+05,2.6376e+05,1.2601
6.5095e+05,2.648e+05,1.2718
6.5097e+05,2.6538e+05,1.2853
6.5141e+05,2.6677e+05,1.3007
6.5191e+05,2.6974e+05,1.3181
6.5078e+05,2.7122e+05,1.3375
6.4979e+05,2.7312e+05,1.3579
6.4873e+05,2.7355e+05,1.3783
6.4648e+05,2.7298e+05,1.3974
6.4464e+05,2.7298e+05,1.4137
6.4323e+05,2.7404e+05,1.4265
6.421e+05,2.7284e+05,1.4361
6.4118e+05,2.7094e+05,1.4439
6.4154e+05,2.6882e+05,1.4509
6.4097e+05,2.6755e+05,1.458
6.39e+05,2.672e+05,1.4649
6.3723e+05,2.6804e+05,1.4714
6.3547e+05,2.6649e+05,1.4774
6.3462e+05,2.6444e+05,1.4826
6.3399e+05,2.624e+05,1.487
6.3406e+05,2.5972e+05,1.4906
6.3385e+05,2.5704e+05,1.4936
6.342e+05,2.5457e+05,1.4966
6.3498e+05,2.5238e+05,1.5004
6.3653e+05,2.4935e+05,1.5058
6.3702e+05,2.4772e+05,1.5124
6.373e+05,2.4554e+05,1.519
6.3695e+05,2.4405e+05,1.5244
6.3646e+05,2.4307e+05,1.5289
6.3441e+05,2.442e+05,1.5331
6.3314e+05,2.4547e+05,1.5376
6.3152e+05,2.4751e+05,1.5427
6.2912e+05,2.4857e+05,1.5488
6.2778e+05,2.4913e+05,1.5562
6.2517e+05,2.4963e+05,1.5653
6.2277e+05,2.4836e+05,1.5759
6.2185e+05,2.4702e+05,1.5873
6.2101e+05,2.4631e+05,1.598
6.1875e+05,2.4568e+05,1.6065
6.1748e+05,2.4674e+05,1.612
6.1712e+05,2.4864e+05,1.6151
6.1635e+05,2.4793e+05,1.6156
6.1494e+05,2.4709e+05,1.6131
6.136e+05,2.4815e+05,1.6068
6.1296e+05,2.4942e+05,1.5968
6.1099e+05,2.4935e+05,1.5831
6.0958e+05,2.4942e+05,1.5656
6.0831e+05,2.4998e+05,1.5439
6.0668e+05,2.4984e+05,1.5179
6.0506e+05,2.4836e+05,1.4877
6.0351e+05,2.4561e+05,1.4546
6.0323e+05,2.4335e+05,1.4213
6.0301e+05,2.4151e+05,1.3898
6.0301e+05,2.4017e+05,1.3608
6.016e+05,2.4088e+05,1.3345
5.9998e+05,2.4208e+05,1.3111
5.9871e+05,2.4243e+05,1.2905
5.9765e+05,2.4102e+05,1.2728
5.961e+05,2.3912e+05,1.2576
5.9596e+05,2.3742e+05,1.2449
5.9645e+05,2.3545e+05,1.2351
5.9659e+05,2.3354e+05,1.2287
5.9638e+05,2.322e+05,1.2263
5.973e+05,2.3093e+05,1.2272
5.9885e+05,2.3015e+05,1.2298
6.0139e+05,2.2888e+05,1.2318
6.0224e+05,2.2818e+05,1.232
6.0259e+05,2.2712e+05,1.231
6.0245e+05,2.2585e+05,1.2292
6.016e+05,2.2536e+05,1.227
5.9991e+05,2.2571e+05,1.2248
5.9843e+05,2.262e+05,1.223
5.9709e+05,2.2761e+05,1.2218
5.9624e+05,2.2797e+05,1.2213
5.9645e+05,2.2599e+05,1.2211
5.9836e+05,2.2402e+05,1.2205
5.9772e+05,2.2253e+05,1.2185
5.9638e+05,2.2091e+05,1.2166
5.9518e+05,2.1936e+05,1.2161
5.9201e+05,2.1957e+05,1.2181
5.9074e+05,2.2155e+05,1.2227
5.9201e+05,2.2324e+05,1.2293
5.9208e+05,2.2522e+05,1.237
5.9116e+05,2.2684e+05,1.2455
5.9109e+05,2.2938e+05,1.2545
5.9151e+05,2.315e+05,1.2637
5.8982e+05,2.3065e+05,1.2729
5.8777e+05,2.2825e+05,1.282
5.882e+05,2.255e+05,1.2905
5.8827e+05,2.2352e+05,1.298
5.8686e+05,2.2162e+05,1.3043
5.8488e+05,2.2091e+05,1.3082
5.8495e+05,2.1915e+05,1.3083
5.8559e+05,2.1717e+05,1.3046
5.8333e+05,2.1626e+05,1.2978
5.8178e+05,2.176e+05,1.2888
5.8164e+05,2.1901e+05,1.2784
5.8079e+05,2.2112e+05,1.2673
5.7952e+05,2.2317e+05,1.2559
5.7917e+05,2.2507e+05,1.2444
5.7783e+05,2.2585e+05,1.2324
5.767e+05,2.2395e+05,1.2197
5.7472e+05,2.2204e+05,1.2062
5.7282e+05,2.2126e+05,1.1929
5.7063e+05,2.2126e+05,1.181
5.6908e+05,2.2261e+05,1.1715
5.6795e+05,2.2395e+05,1.1655
5.6625e+05,2.2522e+05,1.1633
5.6449e+05,2.2423e+05,1.1646
5.628e+05,2.2359e+05,1.1681
5.6124e+05,2.2232e+05,1.173
5.6047e+05,2.2098e+05,1.1784
5.5743e+05,2.2105e+05,1.1837
5.5652e+05,2.2268e+05,1.1882
5.5588e+05,2.2437e+05,1.1917
5.5482e+05,2.2705e+05,1.1942
5.5362e+05,2.2924e+05,1.1963
5.525e+05,2.3086e+05,1.1977
5.5306e+05,2.3262e+05,1.198
5.5412e+05,2.3354e+05,1.1967
5.5518e+05,2.3474e+05,1.1931
5.5602e+05,2.3615e+05,1.1871
5.5616e+05,2.3806e+05,1.1789
5.5687e+05,2.3947e+05,1.1692
5.5694e+05,2.4109e+05,1.1578
5.5631e+05,2.43e+05,1.1449
5.5553e+05,2.4441e+05,1.1309
5.5426e+05,2.4631e+05,1.1167
5.5461e+05,2.4786e+05,1.1033
5.5638e+05,2.4786e+05,1.0915
5.5793e+05,2.4688e+05,1.0819
5.6012e+05,2.4547e+05,1.0743
5.6237e+05,2.4504e+05,1.0688
5.6308e+05,2.4659e+05,1.0647
5.6244e+05,2.4793e+05,1.0616
5.6181e+05,2.4949e+05,1.0589
5.6117e+05,2.5104e+05,1.056
5.6054e+05,2.5273e+05,1.0536
5.6019e+05,2.5407e+05,1.0523
5.6033e+05,2.5563e+05,1.0526
5.6103e+05,2.5732e+05,1.0545
5.6124e+05,2.5824e+05,1.0578
5.6038e+05,2.5963e+05,1.062
5.6001e+05,2.6011e+05,1.0668
5.5906e+05,2.6222e+05,1.0712
5.5874e+05,2.6429e+05,1.0751
5.5911e+05,2.6609e+05,1.0789
5.5895e+05,2.6762e+05,1.0835
5.5848e+05,2.6974e+05,1.0897
5.5736e+05,2.718e+05,1.0978
5.5699e+05,2.7482e+05,1.1078
5.5795e+05,2.7847e+05,1.1191
5.5927e+05,2.809e+05,1.1316
5.6266e+05,2.8265e+05,1.1451
5.6366e+05,2.845e+05,1.1594
5.5985e+05,2.8355e+05,1.1742
5.5498e+05,2.8207e+05,1.1892
5.5107e+05,2.8207e+05,1.2041
5.4477e+05,2.8133e+05,1.2188
5.4043e+05,2.8143e+05,1.2334
5.3625e+05,2.8233e+05,1.2476
5.3308e+05,2.8233e+05,1.2605
5.2895e+05,2.8133e+05,1.2715
5.262e+05,2.8143e+05,1.2806
5.2567e+05,2.8265e+05,1.288
5.2741e+05,2.8387e+05,1.2936
5.281e+05,2.8514e+05,1.2971
5.2842e+05,2.8625e+05,1.2984
5.2942e+05,2.8651e+05,1.2975
5.3228e+05,2.8609e+05,1.2951
5.3403e+05,2.8667e+05,1.2917
5.3604e+05,2.8868e+05,1.2875
5.3667e+05,2.9101e+05,1.2823
5.3842e+05,2.9297e+05,1.2762
5.389e+05,2.9498e+05,1.2696
5.3911e+05,2.9667e+05,1.263
5.4011e+05,2.9789e+05,1.2576
5.4133e+05,2.9926e+05,1.2539
5.4101e+05,3.0032e+05,1.2527
5.3874e+05,3.0048e+05,1.254
5.354e+05,3.0085e+05,1.2572
5.327e+05,3.009e+05,1.2635
5.3022e+05,3.0106e+05,1.272
5.263e+05,3.0138e+05,1.2812
5.236e+05,3.0244e+05,1.2901
5.2207e+05,3.0387e+05,1.2983
5.2064e+05,3.0519e+05,1.3061
5.1794e+05,3.0609e+05,1.3139
5.1614e+05,3.0678e+05,1.3215
5.1434e+05,3.0636e+05,1.3286
5.127e+05,3.0598e+05,1.3348
5.1096e+05,3.0556e+05,1.3397
5.0974e+05,3.0662e+05,1.3427
5.0836e+05,3.0662e+05,1.345
5.0699e+05,3.0509e+05,1.3465
5.0789e+05,3.0382e+05,1.3465
5.0937e+05,3.026e+05,1.3461
5.1064e+05,3.0106e+05,1.3467
5.1164e+05,2.9762e+05,1.3491
5.1022e+05,2.9577e+05,1.3534
5.081e+05,2.9429e+05,1.3591
5.0503e+05,2.9413e+05,1.3659
5.0297e+05,2.945e+05,1.3734
5.0133e+05,2.9392e+05,1.3811
5.0122e+05,2.9307e+05,1.3887
5.026e+05,2.917e+05,1.3957
5.0424e+05,2.9011e+05,1.4019
5.0551e+05,2.8847e+05,1.4052
5.0566e+05,2.8709e+05,1.4062
5.045e+05,2.8529e+05,1.4045
5.0334e+05,2.8418e+05,1.3998
5.0201e+05,2.8286e+05,1.3921
5.0037e+05,2.8265e+05,1.3817
4.9953e+05,2.8408e+05,1.3696
4.9953e+05,2.8566e+05,1.3566
4.982e+05,2.8667e+05,1.3432
4.964e+05,2.8693e+05,1.3303
4.9429e+05,2.8556e+05,1.3185
4.9434e+05,2.836e+05,1.3087
4.9381e+05,2.8212e+05,1.302
4.9333e+05,2.8064e+05,1.2979
4.9196e+05,2.7963e+05,1.2975
4.9032e+05,2.7974e+05,1.2998
4.8905e+05,2.8053e+05,1.3048
4.882e+05,2.8117e+05,1.3119
4.8688e+05,2.818e+05,1.3206
4.8523e+05,2.8333e+05,1.3302
4.8481e+05,2.8587e+05,1.3403
4.8491e+05,2.8809e+05,1.3504
4.8502e+05,2.9085e+05,1.3601
4.846e+05,2.9243e+05,1.3685
4.8301e+05,2.9254e+05,1.3746
4.8089e+05,2.9106e+05,1.3778
4.7825e+05,2.9212e+05,1.3765
4.7624e+05,2.9455e+05,1.3717
4.7592e+05,2.9751e+05,1.3636
4.7729e+05,2.9963e+05,1.3535
4.7729e+05,3.0101e+05,1.3422
4.7634e+05,3.0333e+05,1.3305
4.7825e+05,3.0365e+05,1.3191
4.8142e+05,3.0175e+05,1.3087
4.8544e+05,3.0048e+05,1.2997
4.8449e+05,3.0217e+05,1.2915
4.8502e+05,3.0386e+05,1.2841
4.8428e+05,3.0482e+05,1.2776
4.8195e+05,3.0492e+05,1.2723
4.8005e+05,3.0619e+05,1.2682
4.8068e+05,3.0746e+05,1.2658
4.8227e+05,3.0757e+05,1.2645
4.8322e+05,3.0884e+05,1.2642
4.8142e+05,3.0937e+05,1.2652
4.8089e+05,3.0947e+05,1.2672
4.8005e+05,3.0947e+05,1.27
4.7888e+05,3.1042e+05,1.2729
4.793e+05,3.118e+05,1.2755
4.7888e+05,3.136e+05,1.2773
4.7581e+05,3.136e+05,1.2787
4.7264e+05,3.118e+05,1.2798
4.6978e+05,3.082e+05,1.2805
4.6586e+05,3.0556e+05,1.2812
4.6406e+05,3.0556e+05,1.282
4.6258e+05,3.0841e+05,1.2832
4.6438e+05,3.1106e+05,1.2852
4.6502e+05,3.1339e+05,1.2878
4.6618e+05,3.1603e+05,1.2891
4.6798e+05,3.19e+05,1.2887
4.702e+05,3.2058e+05,1.2865
4.7243e+05,3.2069e+05,1.2824
4.7571e+05,3.2048e+05,1.2762
4.7761e+05,3.2291e+05,1.2678
4.7793e+05,3.2588e+05,1.2575
4.7983e+05,3.2641e+05,1.246
4.8036e+05,3.2418e+05,1.2335
4.8015e+05,3.2217e+05,1.2201
4.8068e+05,3.191e+05,1.206
4.8248e+05,3.1593e+05,1.1915
4.8618e+05,3.1265e+05,1.1755
4.9105e+05,3.0915e+05,1.1575
4.9327e+05,3.099e+05,1.1394
4.9359e+05,3.1254e+05,1.1224
4.9211e+05,3.1529e+05,1.1071
4.8946e+05,3.1752e+05,1.0943
4.8735e+05,3.1931e+05,1.0847
4.8428e+05,3.2175e+05,1.0789
4.8364e+05,3.2439e+05,1.0768
4.8386e+05,3.2482e+05,1.0779
4.8629e+05,3.263e+05,1.0822
4.8735e+05,3.2895e+05,1.0895
4.8661e+05,3.3022e+05,1.099
4.8449e+05,3.3106e+05,1.1106
4.8121e+05,3.3307e+05,1.1254
4.7888e+05,3.3667e+05,1.1443
4.8142e+05,3.3815e+05,1.1664
4.8587e+05,3.3773e+05,1.1911
4.9042e+05,3.3519e+05,1.2173
4.9402e+05,3.3201e+05,1.2437
4.9571e+05,3.2958e+05,1.2689
4.9603e+05,3.2683e+05,1.2912
4.9571e+05,3.2365e+05,1.3103
4.9687e+05,3.2027e+05,1.3258
4.9952e+05,3.191e+05,1.3379
5.0111e+05,3.2175e+05,1.347
5.0058e+05,3.2503e+05,1.3543
4.9941e+05,3.2672e+05,1.3602
4.9867e+05,3.2852e+05,1.3649
4.9994e+05,3.2937e+05,1.3688
5.0037e+05,3.3106e+05,1.3714
4.9962e+05,3.3159e+05,1.3724
4.9835e+05,3.3244e+05,1.3726
4.9772e+05,3.3328e+05,1.3725
4.9708e+05,3.3487e+05,1.373
4.9719e+05,3.3657e+05,1.3756
4.9708e+05,3.3741e+05,1.3812
4.9708e+05,3.3836e+05,1.3902
4.9708e+05,3.3921e+05,1.4021
4.9687e+05,3.4027e+05,1.416
4.9613e+05,3.4207e+05,1.4308
4.955e+05,3.4387e+05,1.4452
4.9708e+05,3.4376e+05,1.4578
4.9666e+05,3.4482e+05,1.4672
4.9666e+05,3.4577e+05,1.4735
4.992e+05,3.4503e+05,1.4773
4.9962e+05,3.4567e+05,1.4782
4.9899e+05,3.4747e+05,1.4764
4.9867e+05,3.4884e+05,1.4721
4.9698e+05,3.5001e+05,1.4651
4.9518e+05,3.5159e+05,1.455
4.9529e+05,3.5382e+05,1.4416
4.9666e+05,3.5509e+05,1.4261
4.9783e+05,3.5657e+05,1.4095
4.9603e+05,3.5583e+05,1.3932
4.9465e+05,3.5498e+05,1.3791
4.9285e+05,3.5392e+05,1.3686
4.919e+05,3.5445e+05,1.3626
4.9148e+05,3.5583e+05,1.3609
4.9275e+05,3.5816e+05,1.3629
4.9327e+05,3.5964e+05,1.3684
4.9412e+05,3.6112e+05,1.3771
4.9677e+05,3.6197e+05,1.3883
4.9719e+05,3.6281e+05,1.4014
4.9645e+05,3.644e+05,1.4157
4.973e+05,3.6694e+05,1.4305
4.9888e+05,3.68e+05,1.4444
5.0142e+05,3.6863e+05,1.4562
5.0386e+05,3.7033e+05,1.4644
5.0439e+05,3.7213e+05,1.4674
5.0608e+05,3.7223e+05,1.4643
5.0894e+05,3.7191e+05,1.4558
5.1053e+05,3.717e+05,1.4423
5.1307e+05,3.7096e+05,1.4244
5.1391e+05,3.699e+05,1.4029
5.1592e+05,3.6959e+05,1.3787
5.1825e+05,3.7075e+05,1.3522
5.1878e+05,3.734e+05,1.3242
5.2069e+05,3.7297e+05,1.2959
5.228e+05,3.7181e+05,1.268
5.2439e+05,3.7128e+05,1.2412
5.2756e+05,3.7086e+05,1.2159
5.3063e+05,3.7075e+05,1.1928
5.3402e+05,3.7054e+05,1.1725
5.3603e+05,3.681e+05,1.1551
5.3603e+05,3.6662e+05,1.1402
5.3624e+05,3.6451e+05,1.1276
5.372e+05,3.6207e+05,1.117
5.391e+05,3.5943e+05,1.1081
5.4132e+05,3.5678e+05,1.1006
5.4355e+05,3.5562e+05,1.0944
5.4471e+05,3.572e+05,1.0896
5.4291e+05,3.6027e+05,1.0861
5.4238e+05,3.6355e+05,1.0844
5.4418e+05,3.6535e+05,1.0849
5.463e+05,3.6588e+05,1.0878
5.4926e+05,3.6503e+05,1.0934
5.5296e+05,3.6366e+05,1.1018
5.5349e+05,3.6556e+05,1.1127
5.5201e+05,3.6821e+05,1.1256
5.5381e+05,3.7075e+05,1.14
5.5201e+05,3.7075e+05,1.1559
5.4894e+05,3.7075e+05,1.1733
5.4556e+05,3.7265e+05,1.192
5.4513e+05,3.7541e+05,1.2117
5.4683e+05,3.7742e+05,1.2316
5.4968e+05,3.7837e+05,1.2512
5.5254e+05,3.7858e+05,1.2702
5.5529e+05,3.79e+05,1.2884
5.5752e+05,3.8027e+05,1.3052
5.5773e+05,3.8176e+05,1.3205
5.5646e+05,3.8197e+05,1.3341
5.5466e+05,3.8144e+05,1.3467
5.5159e+05,3.807e+05,1.3591
5.4884e+05,3.8059e+05,1.3709
5.482e+05,3.8186e+05,1.3818
5.4725e+05,3.8271e+05,1.3909
5.4439e+05,3.8229e+05,1.3979
5.4175e+05,3.8292e+05,1.4034
5.4079e+05,3.8546e+05,1.4077
5.4312e+05,3.8758e+05,1.4108
5.4619e+05,3.8811e+05,1.4126
5.4905e+05,3.8811e+05,1.4128
5.5032e+05,3.8874e+05,1.4116
5.5011e+05,3.8991e+05,1.4085
5.4979e+05,3.9065e+05,1.403
5.4884e+05,3.9213e+05,1.3944
5.4788e+05,3.9414e+05,1.3821
5.4746e+05,3.9689e+05,1.3678
5.4831e+05,3.9975e+05,1.3528
5.4894e+05,4.0208e+05,1.338
5.4863e+05,4.0324e+05,1.3242
5.4736e+05,4.044e+05,1.3116
5.446e+05,4.0726e+05,1.3007
5.445e+05,4.1012e+05,1.2915
5.4598e+05,4.1245e+05,1.2832
5.4873e+05,4.1308e+05,1.2751
5.4968e+05,4.1425e+05,1.2672
5.4937e+05,4.1626e+05,1.2603
5.481e+05,4.1763e+05,1.255
5.4661e+05,4.1774e+05,1.2521
5.4418e+05,4.1763e+05,1.2517
5.4386e+05,4.1933e+05,1.2529
5.4407e+05,4.207e+05,1.2545
5.4479e+05,4.2211e+05,1.2559
5.4444e+05,4.2272e+05,1.2564
5.4382e+05,4.2272e+05,1.2554
5.4276e+05,4.2414e+05,1.2519
5.4188e+05,4.2581e+05,1.2467
5.4082e+05,4.2793e+05,1.2407
5.4047e+05,4.3004e+05,1.2353
5.4197e+05,4.3172e+05,1.2306
5.4417e+05,4.3384e+05,1.2262
5.4347e+05,4.3516e+05,1.222
5.4223e+05,4.3437e+05,1.2181
5.3994e+05,4.3463e+05,1.2143
5.3862e+05,4.3551e+05,1.2113
5.3774e+05,4.3736e+05,1.2101
5.3774e+05,4.3807e+05,1.2112
5.3721e+05,4.393e+05,1.2147
5.3659e+05,4.3992e+05,1.2207
5.3412e+05,4.4072e+05,1.2294
5.3103e+05,4.4124e+05,1.239
5.2953e+05,4.4204e+05,1.2491
5.2724e+05,4.4239e+05,1.2589
5.2486e+05,4.4424e+05,1.2688
5.2318e+05,4.4557e+05,1.2789
5.2089e+05,4.4698e+05,1.289
5.1939e+05,4.4504e+05,1.2989
5.1939e+05,4.4257e+05,1.3085
5.1824e+05,4.4054e+05,1.3167
5.171e+05,4.3895e+05,1.3223
5.1604e+05,4.3736e+05,1.3249
5.1481e+05,4.3551e+05,1.325
5.1481e+05,4.341e+05,1.3225
5.1468e+05,4.3188e+05,1.3167
5.1415e+05,4.2892e+05,1.3093
5.1257e+05,4.2532e+05,1.3006
5.1055e+05,4.2553e+05,1.2908
5.0981e+05,4.2817e+05,1.2799
5.0854e+05,4.2966e+05,1.2684
5.0717e+05,4.3114e+05,1.257
5.078e+05,4.3294e+05,1.2459
5.0759e+05,4.3389e+05,1.2354
5.06e+05,4.341e+05,1.2263
5.0516e+05,4.341e+05,1.2194
5.0399e+05,4.3357e+05,1.2146
5.0272e+05,4.3262e+05,1.2112
5.0124e+05,4.3198e+05,1.209
5.0103e+05,4.3071e+05,1.2088
5.0188e+05,4.2828e+05,1.2105
4.9934e+05,4.2892e+05,1.2143
4.9791e+05,4.2963e+05,1.2199
4.9727e+05,4.3e+05,1.2274
4.969e+05,4.3011e+05,1.2365
4.9701e+05,4.2931e+05,1.2464
4.9733e+05,4.2836e+05,1.2563
4.9759e+05,4.2746e+05,1.2658
4.9801e+05,4.2677e+05,1.2741
4.9881e+05,4.2542e+05,1.2806
4.9955e+05,4.2352e+05,1.2851
4.9944e+05,4.2151e+05,1.2884
4.9987e+05,4.196e+05,1.2912
5.0029e+05,4.178e+05,1.2931
5.0039e+05,4.1622e+05,1.2943
5.0124e+05,4.142e+05,1.2942
5.0114e+05,4.1262e+05,1.2924
5.0124e+05,4.1039e+05,1.2879
5.0008e+05,4.0912e+05,1.2802
4.9955e+05,4.1061e+05,1.2685
4.9711e+05,4.1177e+05,1.2538
4.9606e+05,4.1092e+05,1.2367
4.9404e+05,4.0976e+05,1.218
4.9246e+05,4.0902e+05,1.1989
4.9277e+05,4.0764e+05,1.1806
4.9394e+05,4.069e+05,1.1637
4.9479e+05,4.0606e+05,1.1479
4.9574e+05,4.0595e+05,1.1328
4.9881e+05,4.0542e+05,1.1179
4.9881e+05,4.0373e+05,1.1035
4.9807e+05,4.0203e+05,1.0903
4.9722e+05,4.0119e+05,1.0792
4.9584e+05,3.9928e+05,1.0713
4.9733e+05,3.9706e+05,1.067
4.969e+05,3.9484e+05,1.0663
4.9616e+05,3.9357e+05,1.069
4.9531e+05,3.9314e+05,1.0748
4.9277e+05,3.9357e+05,1.0828
4.9203e+05,3.9505e+05,1.0914
4.9161e+05,3.9717e+05,1.099
4.9098e+05,3.9822e+05,1.1058
4.8759e+05,3.9738e+05,1.1126
4.8642e+05,3.9515e+05,1.1206
4.8547e+05,3.9304e+05,1.1303
4.8346e+05,3.9251e+05,1.1415
4.8156e+05,3.9431e+05,1.1534
4.8103e+05,3.9674e+05,1.1651
4.8007e+05,4.0034e+05,1.1768
4.7965e+05,4.0203e+05,1.1883
4.788e+05,4.0426e+05,1.1997
4.8039e+05,4.0542e+05,1.2108
4.8145e+05,4.0616e+05,1.2216
4.8145e+05,4.0785e+05,1.2324
4.806e+05,4.0997e+05,1.2438
4.7997e+05,4.1198e+05,1.2554
4.8166e+05,4.1272e+05,1.2663
4.8293e+05,4.1124e+05,1.2755
4.8399e+05,4.0955e+05,1.2817
4.8537e+05,4.1039e+05,1.2852
4.8494e+05,4.1251e+05,1.2871
4.8431e+05,4.1547e+05,1.2876
4.8452e+05,4.177e+05,1.2865
4.8378e+05,4.1928e+05,1.2833
4.8304e+05,4.2034e+05,1.2779
4.8103e+05,4.2204e+05,1.2704
4.7986e+05,4.2172e+05,1.2606
4.7859e+05,4.1992e+05,1.2494
4.7616e+05,4.1918e+05,1.2376
4.7351e+05,4.2055e+05,1.2257
4.7267e+05,4.2288e+05,1.2144
4.7192e+05,4.2574e+05,1.2044
4.7044e+05,4.2796e+05,1.1966
4.7013e+05,4.2976e+05,1.1911
4.7002e+05,4.3177e+05,1.1878
4.6907e+05,4.3431e+05,1.1867
4.6981e+05,4.3696e+05,1.1883
4.696e+05,4.3886e+05,1.1928
4.6801e+05,4.3939e+05,1.2001
4.6462e+05,4.395e+05,1.2097
4.6102e+05,4.3939e+05,1.2217
4.5859e+05,4.377e+05,1.2356
4.5848e+05,4.3527e+05,1.2511
4.587e+05,4.3304e+05,1.268
4.606e+05,4.3114e+05,1.286
4.6007e+05,4.2966e+05,1.3045
4.5901e+05,4.2817e+05,1.3228
4.569e+05,4.2807e+05,1.34
4.569e+05,4.2479e+05,1.3549
4.5584e+05,4.2193e+05,1.3672
4.5383e+05,4.2045e+05,1.3766
4.5129e+05,4.1886e+05,1.3831
4.5055e+05,4.1653e+05,1.3868
4.5203e+05,4.1484e+05,1.3885
4.5414e+05,4.1346e+05,1.3885
4.5298e+05,4.1283e+05,1.387
4.4981e+05,4.1272e+05,1.3829
4.4748e+05,4.1039e+05,1.3757
4.4864e+05,4.0828e+05,1.365
4.5108e+05,4.0711e+05,1.3513
4.5224e+05,4.0606e+05,1.3351
4.5351e+05,4.0542e+05,1.3174
4.5573e+05,4.0595e+05,1.2999
4.569e+05,4.069e+05,1.2833
4.5817e+05,4.069e+05,1.2676
4.5817e+05,4.0796e+05,1.253
4.5817e+05,4.0965e+05,1.2389
4.5975e+05,4.0934e+05,1.225
4.6102e+05,4.086e+05,1.2104
4.6208e+05,4.0733e+05,1.1949
4.6282e+05,4.0669e+05,1.1799
4.6378e+05,4.0648e+05,1.1663
4.6346e+05,4.0404e+05,1.1547
4.6176e+05,4.0193e+05,1.1452
4.6028e+05,4.0161e+05,1.1381
4.5838e+05,4.0098e+05,1.1335
4.5753e+05,3.9907e+05,1.1294
4.5901e+05,3.9674e+05,1.1256
4.6187e+05,3.9727e+05,1.1223
4.6568e+05,3.9611e+05,1.1201
4.6674e+05,3.9463e+05,1.1197
4.6621e+05,3.9219e+05,1.1217
4.6526e+05,3.9039e+05,1.1264
4.6483e+05,3.887e+05,1.1339
4.6483e+05,3.8648e+05,1.1434
4.6462e+05,3.8531e+05,1.1545
4.6282e+05,3.851e+05,1.167
4.6071e+05,3.8552e+05,1.1804
4.587e+05,3.8764e+05,1.1944
4.5753e+05,3.8838e+05,1.2079
4.5594e+05,3.8933e+05,1.2223
4.5425e+05,3.9007e+05,1.2375
4.5213e+05,3.9092e+05,1.2533
4.5065e+05,3.9145e+05,1.269
4.4959e+05,3.9166e+05,1.2843
4.4727e+05,3.9198e+05,1.2979
4.4557e+05,3.9198e+05,1.31
4.443e+05,3.923e+05,1.3208
4.4346e+05,3.9304e+05,1.3306
4.4293e+05,3.9473e+05,1.3393
4.424e+05,3.9611e+05,1.3467
4.4187e+05,3.9706e+05,1.3528
4.4293e+05,3.9875e+05,1.3568
4.443e+05,4.0013e+05,1.3587
4.442e+05,4.0161e+05,1.3581
4.4346e+05,4.0235e+05,1.3546
4.4293e+05,4.0436e+05,1.3482
4.424e+05,4.0637e+05,1.3393
4.4113e+05,4.086e+05,1.3277
4.3943e+05,4.086e+05,1.3148
4.3774e+05,4.0902e+05,1.3011
4.3753e+05,4.1135e+05,1.2865
4.388e+05,4.1368e+05,1.2717
4.3901e+05,4.1569e+05,1.2567
4.3848e+05,4.1664e+05,1.2416
4.3742e+05,4.1759e+05,1.2269
4.3838e+05,4.1897e+05,1.2137
4.3933e+05,4.1907e+05,1.2034
4.3996e+05,4.2066e+05,1.1969
4.3912e+05,4.232e+05,1.1949
4.3912e+05,4.2563e+05,1.1977
4.4155e+05,4.2511e+05,1.2058
4.4229e+05,4.2627e+05,1.2188
4.4049e+05,4.2754e+05,1.236
4.388e+05,4.2807e+05,1.2568
4.3552e+05,4.2849e+05,1.2809
4.3266e+05,4.3029e+05,1.3071
4.3097e+05,4.3241e+05,1.335
4.2917e+05,4.3421e+05,1.3647
4.2716e+05,4.3558e+05,1.3956
4.2578e+05,4.3664e+05,1.4272
4.2292e+05,4.3791e+05,1.4586
4.2081e+05,4.3855e+05,1.4883
4.1731e+05,4.4024e+05,1.5154
4.1636e+05,4.431e+05,1.5398
4.1552e+05,4.4532e+05,1.5606
4.1499e+05,4.4722e+05,1.5783
4.1308e+05,4.486e+05,1.5928
4.1033e+05,4.4839e+05,1.604
4.0726e+05,4.4818e+05,1.6116
4.0451e+05,4.4797e+05,1.616
4.0155e+05,4.4733e+05,1.6174
3.9901e+05,4.4765e+05,1.6159
3.9594e+05,4.4839e+05,1.6114
3.9191e+05,4.4818e+05,1.604
3.8927e+05,4.4786e+05,1.5933
3.8683e+05,4.4754e+05,1.5798
3.8472e+05,4.4638e+05,1.564
3.8546e+05,4.4331e+05,1.5462
3.8747e+05,4.4013e+05,1.5268
3.8736e+05,4.3823e+05,1.5067
3.8461e+05,4.3759e+05,1.4868
3.7932e+05,4.3643e+05,1.4683
3.7742e+05,4.3643e+05,1.4525
3.7403e+05,4.3495e+05,1.4397
3.7276e+05,4.3421e+05,1.4301
3.7043e+05,4.3251e+05,1.4236
3.6831e+05,4.305e+05,1.4201
3.6683e+05,4.2807e+05,1.4193
3.6535e+05,4.2595e+05,1.4216
3.6345e+05,4.2309e+05,1.4267
3.6038e+05,4.1992e+05,1.4342
3.5985e+05,4.1738e+05,1.4437
3.59e+05,4.1622e+05,1.4545
3.5508e+05,4.1727e+05,1.4658
3.5127e+05,4.1865e+05,1.4764
3.4842e+05,4.2077e+05,1.4853
3.4662e+05,4.2384e+05,1.4916
3.4482e+05,4.2436e+05,1.495
3.4302e+05,4.2246e+05,1.4949
3.4302e+05,4.2003e+05,1.491
3.4418e+05,4.1823e+05,1.4836
3.4482e+05,4.1653e+05,1.473
3.4291e+05,4.1505e+05,1.4599
3.4154e+05,4.123e+05,1.4446
3.4281e+05,4.1039e+05,1.4279
3.4355e+05,4.0934e+05,1.4103
3.4482e+05,4.0849e+05,1.3927
3.4598e+05,4.0743e+05,1.3754
3.4694e+05,4.0574e+05,1.3585
3.5e+05,4.0415e+05,1.3423
3.5286e+05,4.033e+05,1.3273
3.5498e+05,4.0256e+05,1.3137
3.571e+05,4.0172e+05,1.3026
3.6038e+05,4.0108e+05,1.2944
3.626e+05,4.0045e+05,1.289
3.6567e+05,3.9907e+05,1.2859
3.6768e+05,3.9886e+05,1.2848
3.6789e+05,3.9717e+05,1.285
3.6673e+05,3.9558e+05,1.2861
3.6599e+05,3.9399e+05,1.2874
3.6503e+05,3.9187e+05,1.2884
3.6651e+05,3.9092e+05,1.2889
3.6905e+05,3.8923e+05,1.2886
3.7054e+05,3.8944e+05,1.2873
3.7117e+05,3.906e+05,1.2844
3.7202e+05,3.9314e+05,1.2798
3.735e+05,3.9558e+05,1.2732
3.7456e+05,3.9558e+05,1.2648
3.7625e+05,3.942e+05,1.2555
3.7816e+05,3.9261e+05,1.2459
3.789e+05,3.9166e+05,1.2365
3.8091e+05,3.9082e+05,1.2276
3.8165e+05,3.8944e+05,1.2199
3.8186e+05,3.8764e+05,1.2131
3.826e+05,3.8542e+05,1.2074
3.8419e+05,3.8415e+05,1.2024
3.8662e+05,3.8298e+05,1.1983
3.8853e+05,3.8235e+05,1.1958
3.9139e+05,3.8161e+05,1.1947
3.9191e+05,3.7991e+05,1.194
3.8969e+05,3.7886e+05,1.1937
3.881e+05,3.7875e+05,1.1931
3.8493e+05,3.7991e+05,1.1916
3.8355e+05,3.779e+05,1.1893
3.8186e+05,3.7621e+05,1.1863
3.8472e+05,3.7547e+05,1.1824
3.862e+05,3.7431e+05,1.1769
3.8821e+05,3.7251e+05,1.1702
3.8916e+05,3.7177e+05,1.163
3.9033e+05,3.7124e+05,1.1559
3.9107e+05,3.7071e+05,1.1491
3.9128e+05,3.6975e+05,1.1428
3.9064e+05,3.6848e+05,1.1379
3.8895e+05,3.6637e+05,1.1346
3.8789e+05,3.6467e+05,1.1331
3.8472e+05,3.6171e+05,1.1335
3.8239e+05,3.5949e+05,1.1357
3.7879e+05,3.5621e+05,1.1395
3.7625e+05,3.5547e+05,1.1444
3.754e+05,3.5811e+05,1.1508
3.771e+05,3.6002e+05,1.1586
3.7911e+05,3.6203e+05,1.167
3.8038e+05,3.6457e+05,1.1755
3.8059e+05,3.67e+05,1.1835
3.8017e+05,3.6944e+05,1.1903
3.7985e+05,3.7102e+05,1.1953
3.772e+05,3.7124e+05,1.1981
3.7667e+05,3.6933e+05,1.1997
3.7562e+05,3.6827e+05,1.2008
3.7318e+05,3.669e+05,1.2019
3.7096e+05,3.6552e+05,1.2031
3.68e+05,3.6309e+05,1.2048
3.6514e+05,3.6362e+05,1.2067
3.6165e+05,3.6542e+05,1.2077
3.5942e+05,3.652e+05,1.209
3.5847e+05,3.6436e+05,1.2113
3.5815e+05,3.6245e+05,1.2149
3.5879e+05,3.6055e+05,1.2204
3.6101e+05,3.5822e+05,1.2274
3.6366e+05,3.5684e+05,1.236
3.6387e+05,3.5589e+05,1.246
3.644e+05,3.5356e+05,1.2563
3.6334e+05,3.5187e+05,1.2659
3.6334e+05,3.4954e+05,1.2743
3.6387e+05,3.4742e+05,1.2812
3.6524e+05,3.4467e+05,1.2856
3.662e+05,3.4308e+05,1.2873
3.6673e+05,3.4129e+05,1.2875
3.6535e+05,3.3949e+05,1.2861
3.6408e+05,3.397e+05,1.2832
3.6101e+05,3.3906e+05,1.2788
3.5614e+05,3.3599e+05,1.2727
3.5434e+05,3.3493e+05,1.2657
3.5191e+05,3.3536e+05,1.2582
3.4789e+05,3.3441e+05,1.2509
3.4598e+05,3.3239e+05,1.2437
3.4588e+05,3.3007e+05,1.2373
3.4694e+05,3.2816e+05,1.2315
3.4799e+05,3.2679e+05,1.2262
3.4873e+05,3.2541e+05,1.2217
3.4863e+05,3.2223e+05,1.2182
3.4863e+05,3.2075e+05,1.2152
3.4799e+05,3.1906e+05,1.2117
3.5096e+05,3.1853e+05,1.2071
3.5032e+05,3.1705e+05,1.2013
3.4937e+05,3.1546e+05,1.1944
3.4842e+05,3.143e+05,1.1861
3.4916e+05,3.126e+05,1.1759
3.481e+05,3.1133e+05,1.1635
3.463e+05,3.108e+05,1.149
3.445e+05,3.1112e+05,1.1326
3.4323e+05,3.0975e+05,1.115
3.4482e+05,3.0837e+05,1.0974
3.4556e+05,3.0678e+05,1.0806
3.4821e+05,3.0541e+05,1.0652
3.4746e+05,3.0308e+05,1.0514
3.4598e+05,3.0149e+05,1.0394
3.4397e+05,3.0086e+05,1.0296
3.4249e+05,2.9885e+05,1.0219
3.4059e+05,2.9895e+05,1.0166
3.3995e+05,2.9609e+05,1.0144
3.391e+05,2.9546e+05,1.016
3.3773e+05,2.9556e+05,1.0215
3.3561e+05,2.9451e+05,1.0308
3.3476e+05,2.9197e+05,1.0428
3.3593e+05,2.8932e+05,1.0565
3.3688e+05,2.8816e+05,1.0705
3.3815e+05,2.8646e+05,1.0836
3.3805e+05,2.8413e+05,1.0955
3.3815e+05,2.8159e+05,1.1067
3.3815e+05,2.7884e+05,1.1173
3.3826e+05,2.7694e+05,1.1273
3.3752e+05,2.7429e+05,1.1366
3.3667e+05,2.7461e+05,1.1445
3.3529e+05,2.7673e+05,1.1498
3.3455e+05,2.7831e+05,1.1515
3.3297e+05,2.8064e+05,1.1489
3.3159e+05,2.8212e+05,1.1425
3.299e+05,2.8371e+05,1.1334
3.2852e+05,2.8509e+05,1.123
3.2672e+05,2.8488e+05,1.1126
3.245e+05,2.8583e+05,1.1034
3.2302e+05,2.8615e+05,1.096
3.227e+05,2.854e+05,1.0907
3.2185e+05,2.8519e+05,1.0869
3.2079e+05,2.8583e+05,1.0841
3.1974e+05,2.8752e+05,1.0821
3.1836e+05,2.8964e+05,1.0814
3.1677e+05,2.9186e+05,1.0827
3.1561e+05,2.926e+05,1.087
3.1286e+05,2.926e+05,1.0949
3.1063e+05,2.9218e+05,1.1062
3.0619e+05,2.9154e+05,1.12
3.0249e+05,2.9228e+05,1.1349
3.009e+05,2.9377e+05,1.1499
2.9952e+05,2.9482e+05,1.1636
2.9741e+05,2.944e+05,1.1745
2.9603e+05,2.9313e+05,1.1816
2.9349e+05,2.907e+05,1.1852
2.918e+05,2.9027e+05,1.1865
2.8989e+05,2.9175e+05,1.1866
2.8947e+05,2.9398e+05,1.1862
2.8756e+05,2.9493e+05,1.1852
2.8598e+05,2.9419e+05,1.1832
2.8545e+05,2.9228e+05,1.1802
2.8566e+05,2.9017e+05,1.1762
2.8502e+05,2.8869e+05,1.1721
2.8428e+05,2.8699e+05,1.1686
2.8471e+05,2.8583e+05,1.1665
2.8566e+05,2.8424e+05,1.1667
2.8513e+05,2.8244e+05,1.1708
2.8555e+05,2.8075e+05,1.1797
2.8672e+05,2.7884e+05,1.1933
2.8672e+05,2.7768e+05,1.2099
2.8619e+05,2.7588e+05,1.2279
2.8386e+05,2.727e+05,1.2454
2.8471e+05,2.6911e+05,1.2626
2.8598e+05,2.6646e+05,1.279
2.8904e+05,2.6445e+05,1.2946
2.9116e+05,2.6403e+05,1.3091
2.9666e+05,2.6371e+05,1.3222
2.991e+05,2.6339e+05,1.3337
3.0301e+05,2.6233e+05,1.3428
3.0619e+05,2.6e+05,1.3485
3.0587e+05,2.5799e+05,1.3499
3.0376e+05,2.5535e+05,1.3464
3.0428e+05,2.527e+05,1.3376
3.0778e+05,2.5387e+05,1.3258
3.1074e+05,2.5334e+05,1.3127
3.1307e+05,2.509e+05,1.3
3.137e+05,2.473e+05,1.2887
3.1603e+05,2.4625e+05,1.279
3.1857e+05,2.4508e+05,1.271
3.2312e+05,2.418e+05,1.265
3.2577e+05,2.4032e+05,1.2577
