3.2672e+05,2.3841e+05,1.1426
3.2778e+05,2.3773e+05,1.1265
3.2796e+05,2.3719e+05,1.1117
3.2711e+05,2.3675e+05,1.0979
3.2576e+05,2.3725e+05,1.0852
3.2491e+05,2.3712e+05,1.0748
3.2429e+05,2.364e+05,1.0669
3.2418e+05,2.346e+05,1.061
3.2376e+05,2.3386e+05,1.0566
3.2228e+05,2.3397e+05,1.0526
3.2132e+05,2.3587e+05,1.0481
3.1952e+05,2.3672e+05,1.0428
3.1847e+05,2.3683e+05,1.0364
3.1593e+05,2.3418e+05,1.0278
3.1529e+05,2.327e+05,1.0215
3.154e+05,2.3164e+05,1.0179
3.1603e+05,2.3101e+05,1.0173
3.1741e+05,2.2995e+05,1.0202
3.1963e+05,2.291e+05,1.0267
3.2101e+05,2.273e+05,1.0364
3.2132e+05,2.2582e+05,1.0484
3.2005e+05,2.2254e+05,1.0623
3.2037e+05,2.2148e+05,1.0781
3.2132e+05,2.2074e+05,1.0958
3.2228e+05,2.2053e+05,1.1154
3.2672e+05,2.2042e+05,1.137
3.2852e+05,2.1905e+05,1.16
3.2905e+05,2.1799e+05,1.1841
3.2916e+05,2.1619e+05,1.21
3.2841e+05,2.1492e+05,1.2352
3.2651e+05,2.1312e+05,1.2596
3.2302e+05,2.109e+05,1.2822
3.2217e+05,2.0995e+05,1.3023
3.2175e+05,2.0846e+05,1.3194
3.2206e+05,2.0084e+05,1.3333
3.246e+05,1.9841e+05,1.3438
3.2482e+05,1.9767e+05,1.3511
3.2471e+05,1.9333e+05,1.3549
3.2323e+05,1.891e+05,1.3553
3.2281e+05,1.8867e+05,1.3521
3.2027e+05,1.8825e+05,1.3453
3.1942e+05,1.8836e+05,1.3361
3.1836e+05,1.891e+05,1.3256
3.1497e+05,1.8846e+05,1.3137
3.1487e+05,1.8656e+05,1.3004
3.1561e+05,1.838e+05,1.2856
3.1127e+05,1.8306e+05,1.2699
3.0989e+05,1.8317e+05,1.2547
3.0831e+05,1.8391e+05,1.2413
3.0291e+05,1.8751e+05,1.2302
3.009e+05,1.874e+05,1.2217
2.9984e+05,1.8836e+05,1.2154
2.9857e+05,1.9068e+05,1.2114
2.955e+05,1.9502e+05,1.2097
2.937e+05,1.9873e+05,1.2101
2.9254e+05,2e+05,1.2126
2.9127e+05,2.0222e+05,1.216
2.8989e+05,2.0328e+05,1.2192
2.8894e+05,2.0645e+05,1.2224
2.8714e+05,2.0592e+05,1.226
2.8502e+05,2.0444e+05,1.2303
2.8269e+05,2.0487e+05,1.2354
2.8153e+05,2.0328e+05,1.2404
2.8026e+05,2.0031e+05,1.2445
2.8047e+05,1.9883e+05,1.2476
2.8142e+05,1.9725e+05,1.2494
2.8142e+05,1.9566e+05,1.2503
2.809e+05,1.9322e+05,1.2506
2.809e+05,1.892e+05,1.2509
2.8206e+05,1.8687e+05,1.2513
2.8354e+05,1.8613e+05,1.2523
2.8428e+05,1.8613e+05,1.254
2.8523e+05,1.855e+05,1.2569
2.8587e+05,1.8412e+05,1.2604
2.865e+05,1.801e+05,1.2639
2.8714e+05,1.7872e+05,1.2667
2.8873e+05,1.7798e+05,1.2686
2.901e+05,1.7513e+05,1.2692
2.9169e+05,1.7312e+05,1.2685
2.9095e+05,1.7026e+05,1.267
2.8989e+05,1.6867e+05,1.2656
2.9036e+05,1.6764e+05,1.2647
2.8726e+05,1.6585e+05,1.2643
2.8746e+05,1.6232e+05,1.2644
2.8989e+05,1.5946e+05,1.2653
2.9063e+05,1.5893e+05,1.2673
2.9233e+05,1.5862e+05,1.2705
2.9254e+05,1.5798e+05,1.2752
2.9349e+05,1.5766e+05,1.2818
2.9846e+05,1.5364e+05,1.2905
3.0037e+05,1.5269e+05,1.3016
3.0185e+05,1.5269e+05,1.3149
3.0587e+05,1.5364e+05,1.3303
3.1053e+05,1.5407e+05,1.3474
3.1487e+05,1.5597e+05,1.3654
3.1688e+05,1.5618e+05,1.3833
3.1836e+05,1.5576e+05,1.4003
3.1889e+05,1.547e+05,1.416
3.19e+05,1.5131e+05,1.4293
3.2058e+05,1.4666e+05,1.4395
3.209e+05,1.4433e+05,1.4457
3.2259e+05,1.4115e+05,1.4478
3.2259e+05,1.3925e+05,1.4453
3.2154e+05,1.3756e+05,1.4381
3.2206e+05,1.3607e+05,1.4262
3.2281e+05,1.3597e+05,1.4102
3.2376e+05,1.366e+05,1.3909
3.246e+05,1.383e+05,1.3691
3.2587e+05,1.3988e+05,1.3464
3.2884e+05,1.4274e+05,1.3229
3.2937e+05,1.4295e+05,1.2994
3.3021e+05,1.4264e+05,1.2763
3.3021e+05,1.3925e+05,1.2539
3.2905e+05,1.3671e+05,1.2335
3.2831e+05,1.3089e+05,1.2164
3.2587e+05,1.2602e+05,1.2033
3.2556e+05,1.2475e+05,1.1944
3.2577e+05,1.2284e+05,1.1903
3.2714e+05,1.1978e+05,1.1907
3.282e+05,1.184e+05,1.1955
3.2958e+05,1.1776e+05,1.204
3.3095e+05,1.1776e+05,1.2156
3.3625e+05,1.1967e+05,1.2294
3.3857e+05,1.2179e+05,1.2435
3.3889e+05,1.2242e+05,1.2583
3.4207e+05,1.2496e+05,1.2734
3.4334e+05,1.2538e+05,1.288
3.4461e+05,1.2496e+05,1.3016
3.4355e+05,1.2126e+05,1.3136
3.4111e+05,1.1776e+05,1.323
3.3995e+05,1.1364e+05,1.3301
3.3995e+05,1.1247e+05,1.335
3.4069e+05,1.1025e+05,1.3379
3.427e+05,1.0845e+05,1.3399
3.4619e+05,1.0633e+05,1.3407
3.4641e+05,1.0549e+05,1.3404
3.4545e+05,1.0369e+05,1.3388
3.4037e+05,97762,1.336
3.4016e+05,96386,1.3331
3.4207e+05,92894,1.33
3.4334e+05,91835,1.3277
3.4556e+05,90671,1.3272
3.4704e+05,88872,1.3293
3.4789e+05,87708,1.3344
3.4895e+05,84215,1.3427
3.5022e+05,82734,1.3532
3.5329e+05,79559,1.3653
3.5572e+05,77759,1.3777
3.572e+05,75431,1.3889
3.5932e+05,75114,1.3997
3.5995e+05,74690,1.4109
3.6069e+05,73209,1.4229
3.6112e+05,66435,1.4355
3.6186e+05,64001,1.4485
3.6397e+05,63895,1.4614
3.6524e+05,64319,1.4732
3.6524e+05,63684,1.4831
3.6429e+05,62308,1.4901
3.6165e+05,60826,1.4936
3.6038e+05,59556,1.4928
3.6038e+05,58286,1.488
3.6249e+05,56169,1.4793
3.627e+05,53100,1.4676
3.6313e+05,52571,1.4538
3.6651e+05,52148,1.4375
3.6651e+05,50137,1.4185
3.6355e+05,46539,1.3974
3.6355e+05,44951,1.3745
3.6493e+05,43575,1.3503
3.6577e+05,43575,1.3253
3.6757e+05,44422,1.3
3.6948e+05,44210,1.2751
3.6898e+05,39792,1.2514
3.6911e+05,38072,1.2288
3.6964e+05,37146,1.2086
3.7083e+05,36220,1.1914
3.7056e+05,34897,1.1775
3.6778e+05,31590,1.1669
3.6778e+05,29605,1.1591
3.6818e+05,29076,1.1539
3.6818e+05,28415,1.1512
3.6765e+05,27753,1.1503
3.6633e+05,26430,1.1506
3.654e+05,26166,1.1518
3.6223e+05,26827,1.1537
3.6143e+05,24181,1.1562
3.6038e+05,22991,1.1584
3.5773e+05,21403,1.1595
3.5694e+05,20345,1.1607
3.5707e+05,16773,1.162
3.5971e+05,14259,1.1633
3.6421e+05,9100,1.165
3.6448e+05,6057.3,1.1678
3.6368e+05,3543.7,1.1722
3.6249e+05,1956.2,1.1786
3.617e+05,0,1.187
3.6012e+05,0,1.1975
3.5971e+05,-1880.3,1.2107
3.576e+05,-4923,1.2266
3.5694e+05,-7436.5,1.2455
3.5694e+05,-11934,1.2675
3.6104e+05,-20666,1.2928
3.6196e+05,-23576,1.322
3.6289e+05,-28603,1.3542
3.6606e+05,-34689,1.389
3.6699e+05,-37070,1.4261
3.6752e+05,-44611,1.4652
3.6911e+05,-48844,1.5053
3.695e+05,-51490,1.5457
3.7096e+05,-53739,1.5858
3.7308e+05,-54797,1.6255
3.7652e+05,-54797,1.664
3.7956e+05,-54268,1.701
3.8392e+05,-52945,1.7364
3.8855e+05,-52945,1.7699
3.9266e+05,-52548,1.8014
3.9517e+05,-51887,1.831
3.9887e+05,-51887,1.8583
4.0337e+05,-50696,1.883
4.0787e+05,-48315,1.9047
4.1488e+05,-43288,1.9229
4.162e+05,-42891,1.9369
4.2123e+05,-42758,1.9465
4.2295e+05,-43420,1.9518
4.252e+05,-44875,1.953
4.2599e+05,-45007,1.9507
4.3459e+05,-44478,1.9459
4.3777e+05,-43552,1.9393
4.3922e+05,-42626,1.931
4.4398e+05,-40774,1.9212
4.4795e+05,-36408,1.9095
4.5033e+05,-34821,1.896
4.5298e+05,-33895,1.8814
4.5404e+05,-33101,1.8663
4.558e+05,-29820,1.8514
4.57e+05,-28762,1.8373
4.5997e+05,-24952,1.8244
4.5968e+05,-22765,1.8137
4.5764e+05,-20084,1.8058
4.5771e+05,-19308,1.801
4.5975e+05,-17755,1.7989
4.618e+05,-17261,1.7993
4.6286e+05,-16062,1.8018
4.6279e+05,-14369,1.8063
4.5912e+05,-7948.1,1.8125
4.5884e+05,-6748.6,1.8202
4.5905e+05,-3644.2,1.8294
4.5919e+05,-2726.9,1.8394
4.6032e+05,-1104.2,1.8494
4.6053e+05,0,1.8588
4.6095e+05,0,1.8673
4.6512e+05,5880.9,1.8747
4.6554e+05,7292,1.8806
4.6561e+05,9690.9,1.8845
4.6737e+05,16111,1.8866
4.6695e+05,18016,1.8871
4.6709e+05,19286,1.8858
4.6794e+05,19639,1.882
4.6963e+05,18581,1.8752
4.7189e+05,18722,1.8657
4.7252e+05,19921,1.8545
4.7252e+05,21333,1.842
4.7175e+05,23802,1.8291
4.7154e+05,26483,1.8165
4.7189e+05,27541,1.8045
4.7252e+05,28106,1.7932
4.776e+05,27541,1.7827
4.788e+05,27753,1.7728
4.8212e+05,30646,1.7635
4.8311e+05,32128,1.7539
4.8522e+05,34174,1.7431
4.8988e+05,38125,1.7306
4.9143e+05,40383,1.7172
4.9263e+05,44757,1.7037
4.908e+05,47720,1.6903
4.8734e+05,48214,1.6761
4.8586e+05,49202,1.6606
4.8586e+05,49837,1.6431
4.8713e+05,51178,1.6237
4.9277e+05,52659,1.6031
4.9701e+05,55058,1.5818
5.0054e+05,56258,1.5599
5.0851e+05,59785,1.5374
5.095e+05,60491,1.5147
5.1521e+05,62184,1.4926
5.2213e+05,65289,1.472
5.2523e+05,65783,1.4536
5.3003e+05,65853,1.4373
5.3193e+05,66700,1.4226
5.3426e+05,68464,1.4091
5.3758e+05,68605,1.397
5.3927e+05,69804,1.3861
5.4019e+05,70933,1.3765
5.4118e+05,71357,1.3675
5.4738e+05,72133,1.3585
5.4915e+05,72838,1.3493
5.5063e+05,72838,1.3405
5.5049e+05,71004,1.3327
5.5007e+05,69028,1.3257
5.4696e+05,61832,1.3191
5.4703e+05,59644,1.3133
5.5349e+05,56024,1.308
5.5613e+05,56244,1.3037
5.5812e+05,57126,1.3007
5.5878e+05,58008,1.2992
5.5878e+05,58670,1.3
5.5591e+05,61316,1.3034
5.5569e+05,64182,1.3102
5.5635e+05,65064,1.3208
5.5944e+05,67048,1.3348
5.5988e+05,67710,1.3515
5.5988e+05,68592,1.3693
5.5878e+05,71237,1.3867
5.5613e+05,73222,1.4034
5.5547e+05,74765,1.4189
5.579e+05,74324,1.4324
5.5966e+05,73001,1.4436
5.6054e+05,73001,1.452
5.6208e+05,71678,1.4574
5.6694e+05,70135,1.4603
5.676e+05,69033,1.4607
5.6738e+05,66828,1.459
5.6649e+05,66387,1.455
5.6539e+05,66387,1.4491
5.6319e+05,67048,1.4416
5.6319e+05,66387,1.4335
5.6561e+05,62198,1.4263
5.6716e+05,61316,1.4214
5.6848e+05,61095,1.4198
5.698e+05,60213,1.4224
5.7135e+05,60213,1.4301
5.7311e+05,60654,1.4431
5.7377e+05,61536,1.4617
5.7421e+05,61536,1.485
5.7509e+05,62418,1.5119
5.7531e+05,65505,1.5409
5.773e+05,65946,1.5699
5.7906e+05,65946,1.598
5.7972e+05,65284,1.6236
5.7994e+05,63961,1.6467
5.8083e+05,64402,1.667
5.8105e+05,65505,1.6839
5.8369e+05,65284,1.6968
5.8391e+05,62859,1.705
5.8347e+05,61536,1.707
5.8325e+05,56465,1.7022
5.8347e+05,56244,1.6896
5.8722e+05,56906,1.6694
5.8876e+05,56685,1.6427
5.9428e+05,54921,1.6107
5.9626e+05,53599,1.5753
6.0067e+05,53378,1.5386
6.0376e+05,54481,1.5025
6.0596e+05,56465,1.4686
6.0773e+05,59111,1.4368
6.0795e+05,60875,1.4069
6.1059e+05,64623,1.3785
6.1456e+05,68371,1.3515
6.1941e+05,73663,1.3262
6.2272e+05,75868,1.3038
6.2647e+05,76750,1.2852
6.3088e+05,76750,1.2714
6.4058e+05,74765,1.2623
6.4389e+05,73663,1.2572
6.4741e+05,73663,1.2548
6.5204e+05,74765,1.2536
6.5469e+05,74986,1.2522
6.5557e+05,75427,1.2489
6.5998e+05,75427,1.2425
6.6174e+05,75868,1.2338
6.6615e+05,76088,1.224
6.677e+05,76750,1.2138
6.6968e+05,76970,1.2038
6.7211e+05,78734,1.1938
6.7497e+05,84026,1.1832
6.7806e+05,88435,1.1713
6.785e+05,90199,1.1573
6.796e+05,91522,1.1414
6.7982e+05,93727,1.1245
6.8049e+05,95491,1.1082
6.8049e+05,96814,1.0936
6.8115e+05,99239,1.0815
6.8247e+05,1.0012e+05,1.0721
6.8269e+05,1.0211e+05,1.0658
6.8379e+05,1.0387e+05,1.0615
6.8379e+05,1.0475e+05,1.0579
6.8468e+05,1.0629e+05,1.0542
6.8468e+05,1.0762e+05,1.05
6.8313e+05,1.1115e+05,1.0456
6.8313e+05,1.1181e+05,1.0415
6.8181e+05,1.1313e+05,1.0384
6.7938e+05,1.1357e+05,1.037
6.7784e+05,1.1291e+05,1.0375
6.7475e+05,1.1247e+05,1.0397
6.7233e+05,1.1115e+05,1.0421
6.7056e+05,1.1115e+05,1.0441
6.6902e+05,1.1159e+05,1.0463
6.6571e+05,1.1379e+05,1.0494
6.6527e+05,1.1423e+05,1.0543
6.6527e+05,1.1511e+05,1.0617
6.6638e+05,1.1644e+05,1.0725
6.6638e+05,1.1776e+05,1.0871
6.6814e+05,1.1776e+05,1.1058
6.688e+05,1.171e+05,1.1282
6.7034e+05,1.1666e+05,1.1541
6.7123e+05,1.171e+05,1.183
6.7078e+05,1.2019e+05,1.2144
6.6924e+05,1.2195e+05,1.2474
6.6968e+05,1.2504e+05,1.2815
6.7145e+05,1.2548e+05,1.3177
6.7321e+05,1.2548e+05,1.3565
6.7689e+05,1.2653e+05,1.3973
6.7706e+05,1.2741e+05,1.4391
6.7777e+05,1.2847e+05,1.4809
6.7812e+05,1.3041e+05,1.5223
6.7883e+05,1.3164e+05,1.5631
6.8024e+05,1.3288e+05,1.6034
6.8253e+05,1.3394e+05,1.6433
6.8306e+05,1.3482e+05,1.6827
6.8306e+05,1.3552e+05,1.7214
6.8236e+05,1.3605e+05,1.7586
6.8147e+05,1.3764e+05,1.7941
6.7654e+05,1.3746e+05,1.8282
6.7583e+05,1.3729e+05,1.8608
6.7583e+05,1.3693e+05,1.8914
6.723e+05,1.3693e+05,1.9189
6.7036e+05,1.3817e+05,1.9427
6.6983e+05,1.387e+05,1.9632
6.6983e+05,1.3993e+05,1.9805
6.7107e+05,1.424e+05,1.9948
6.7001e+05,1.4346e+05,2.0055
6.6736e+05,1.4505e+05,2.0122
6.6595e+05,1.4699e+05,2.0142
6.6595e+05,1.4805e+05,2.0113
6.6772e+05,1.5087e+05,2.0041
6.6966e+05,1.581e+05,1.9935
6.716e+05,1.6075e+05,1.9803
6.723e+05,1.6128e+05,1.9651
6.7477e+05,1.6145e+05,1.9481
6.7512e+05,1.6304e+05,1.9296
6.7548e+05,1.6322e+05,1.9102
6.79e+05,1.6322e+05,1.8903
6.8077e+05,1.6533e+05,1.8701
6.8112e+05,1.6657e+05,1.8497
6.8271e+05,1.6815e+05,1.8287
6.8465e+05,1.6851e+05,1.8076
6.8729e+05,1.6815e+05,1.7866
6.9012e+05,1.7098e+05,1.7661
6.8871e+05,1.7362e+05,1.7466
6.8412e+05,1.7927e+05,1.7282
6.8359e+05,1.8103e+05,1.7107
6.8377e+05,1.8438e+05,1.6937
6.8571e+05,1.8862e+05,1.6767
6.8659e+05,1.9144e+05,1.6592
6.8571e+05,1.9408e+05,1.6413
6.8289e+05,1.9585e+05,1.6228
6.8289e+05,2.0026e+05,1.6041
6.8324e+05,2.0237e+05,1.5851
6.8483e+05,2.0414e+05,1.5662
6.8571e+05,2.0625e+05,1.5471
6.8677e+05,2.1137e+05,1.5277
6.8659e+05,2.1243e+05,1.5085
6.8553e+05,2.1437e+05,1.4894
6.8394e+05,2.1649e+05,1.4701
6.8324e+05,2.2037e+05,1.4501
6.8412e+05,2.2336e+05,1.4293
6.8412e+05,2.2654e+05,1.4079
6.7989e+05,2.306e+05,1.3863
6.7848e+05,2.3324e+05,1.3654
6.7724e+05,2.3483e+05,1.3451
6.7618e+05,2.3783e+05,1.3259
6.7495e+05,2.3889e+05,1.3084
6.7354e+05,2.4171e+05,1.293
6.7248e+05,2.4153e+05,1.2797
6.7142e+05,2.4065e+05,1.2683
6.7054e+05,2.4065e+05,1.2588
6.7001e+05,2.4153e+05,1.2508
6.6983e+05,2.4541e+05,1.2444
6.7265e+05,2.4788e+05,1.2398
6.7265e+05,2.4912e+05,1.2375
6.7177e+05,2.4965e+05,1.2379
6.6842e+05,2.5035e+05,1.2409
6.6542e+05,2.5159e+05,1.2453
6.626e+05,2.5423e+05,1.2499
6.6119e+05,2.5653e+05,1.2545
6.589e+05,2.5882e+05,1.2585
6.569e+05,2.6006e+05,1.2611
6.5512e+05,2.602e+05,1.2617
6.5382e+05,2.5992e+05,1.2605
6.5303e+05,2.5906e+05,1.2589
6.5145e+05,2.5859e+05,1.2581
6.5096e+05,2.6174e+05,1.258
6.5092e+05,2.6517e+05,1.2584
6.5106e+05,2.6614e+05,1.2588
6.524e+05,2.6868e+05,1.2587
6.5219e+05,2.6938e+05,1.2572
6.5078e+05,2.7115e+05,1.2541
6.5071e+05,2.727e+05,1.2508
6.4958e+05,2.7341e+05,1.2482
6.4768e+05,2.7383e+05,1.2467
6.4718e+05,2.7376e+05,1.2469
6.4612e+05,2.7249e+05,1.2492
6.4563e+05,2.7242e+05,1.2537
6.4464e+05,2.7298e+05,1.2602
6.4379e+05,2.7404e+05,1.2673
6.4323e+05,2.7404e+05,1.2735
6.4125e+05,2.7157e+05,1.2793
6.4154e+05,2.6847e+05,1.2852
6.4097e+05,2.6755e+05,1.2921
6.3928e+05,2.6713e+05,1.3008
6.3723e+05,2.6804e+05,1.3122
6.3625e+05,2.6755e+05,1.3264
6.3547e+05,2.6649e+05,1.3424
6.3427e+05,2.6381e+05,1.3596
6.3399e+05,2.624e+05,1.3773
6.3385e+05,2.557e+05,1.3948
6.3498e+05,2.5238e+05,1.4116
6.3639e+05,2.4991e+05,1.4271
6.3744e+05,2.4674e+05,1.4409
6.3695e+05,2.4405e+05,1.4537
6.3646e+05,2.4307e+05,1.4664
6.3526e+05,2.4342e+05,1.4787
6.3356e+05,2.4497e+05,1.4903
6.3109e+05,2.4808e+05,1.5002
6.2658e+05,2.4956e+05,1.5078
6.2517e+05,2.4963e+05,1.5123
6.2319e+05,2.4892e+05,1.5145
6.2235e+05,2.4737e+05,1.5152
6.2044e+05,2.4568e+05,1.5155
6.1917e+05,2.4561e+05,1.5159
6.1755e+05,2.4624e+05,1.5166
6.1755e+05,2.4772e+05,1.5181
6.1712e+05,2.4864e+05,1.5204
6.1642e+05,2.4843e+05,1.524
6.1578e+05,2.4702e+05,1.528
6.1515e+05,2.4702e+05,1.5318
6.1402e+05,2.4744e+05,1.5346
6.1296e+05,2.4942e+05,1.5359
6.1261e+05,2.4956e+05,1.5355
6.1127e+05,2.4963e+05,1.5334
6.1014e+05,2.4906e+05,1.53
6.0866e+05,2.4991e+05,1.5248
6.0753e+05,2.5005e+05,1.5174
6.064e+05,2.497e+05,1.5072
6.0471e+05,2.4801e+05,1.4942
6.0379e+05,2.4645e+05,1.4787
6.033e+05,2.4504e+05,1.4612
6.0301e+05,2.4017e+05,1.4421
6.0252e+05,2.4003e+05,1.4219
5.9963e+05,2.425e+05,1.4018
5.9871e+05,2.4243e+05,1.3823
5.9596e+05,2.3876e+05,1.3642
5.9596e+05,2.37e+05,1.3479
5.9666e+05,2.3467e+05,1.3336
5.9638e+05,2.322e+05,1.3214
5.973e+05,2.3093e+05,1.311
6.0174e+05,2.2874e+05,1.3024
6.0252e+05,2.2783e+05,1.2951
6.0259e+05,2.2627e+05,1.2894
6.0238e+05,2.2564e+05,1.2855
6.0188e+05,2.2536e+05,1.2833
5.9871e+05,2.2599e+05,1.2819
5.9624e+05,2.2832e+05,1.2805
5.9603e+05,2.2663e+05,1.2779
5.9815e+05,2.2444e+05,1.273
5.9836e+05,2.2359e+05,1.2657
5.9645e+05,2.2134e+05,1.2563
5.9568e+05,2.195e+05,1.2458
5.9257e+05,2.1936e+05,1.2352
5.9151e+05,2.1985e+05,1.2248
5.9074e+05,2.207e+05,1.2148
5.9088e+05,2.2204e+05,1.2055
5.9257e+05,2.2409e+05,1.1972
5.9102e+05,2.2726e+05,1.1898
5.9095e+05,2.2839e+05,1.1829
5.9158e+05,2.3142e+05,1.1765
5.9095e+05,2.3178e+05,1.1723
5.8735e+05,2.2769e+05,1.1709
5.8742e+05,2.2677e+05,1.1726
5.8841e+05,2.25e+05,1.1777
5.8827e+05,2.2352e+05,1.1856
5.865e+05,2.2126e+05,1.1956
5.853e+05,2.2112e+05,1.2066
5.8467e+05,2.2049e+05,1.2174
5.8474e+05,2.1957e+05,1.2283
5.8559e+05,2.1809e+05,1.2396
5.8559e+05,2.1717e+05,1.2515
5.8509e+05,2.1647e+05,1.2638
5.8333e+05,2.1626e+05,1.2759
5.8199e+05,2.1717e+05,1.2871
5.8114e+05,2.2063e+05,1.2964
5.7945e+05,2.2268e+05,1.3019
5.7966e+05,2.243e+05,1.3037
5.7881e+05,2.2557e+05,1.3022
5.7818e+05,2.2592e+05,1.2984
5.7747e+05,2.2543e+05,1.293
5.7606e+05,2.2303e+05,1.2869
5.7394e+05,2.2148e+05,1.2807
5.7232e+05,2.2105e+05,1.2749
5.7056e+05,2.2126e+05,1.2693
5.671e+05,2.2479e+05,1.2637
5.6569e+05,2.2522e+05,1.2572
5.6527e+05,2.2515e+05,1.25
5.6371e+05,2.2352e+05,1.2427
5.616e+05,2.2373e+05,1.2362
5.611e+05,2.2183e+05,1.2319
5.599e+05,2.2056e+05,1.2311
5.5793e+05,2.2063e+05,1.2338
5.568e+05,2.2197e+05,1.2394
5.5532e+05,2.2656e+05,1.2472
5.525e+05,2.3086e+05,1.2562
5.5278e+05,2.322e+05,1.2657
5.544e+05,2.3375e+05,1.275
5.5602e+05,2.3615e+05,1.2836
5.5616e+05,2.3806e+05,1.2907
5.5701e+05,2.3989e+05,1.2953
5.5694e+05,2.4151e+05,1.2974
5.5588e+05,2.4412e+05,1.2973
5.5426e+05,2.4631e+05,1.2951
5.5454e+05,2.4786e+05,1.2906
5.5659e+05,2.4786e+05,1.2833
5.6117e+05,2.449e+05,1.2731
5.6237e+05,2.4504e+05,1.2603
5.6308e+05,2.4575e+05,1.2454
5.6308e+05,2.4659e+05,1.2291
5.6026e+05,2.5323e+05,1.2119
5.6033e+05,2.5584e+05,1.1942
5.611e+05,2.5739e+05,1.1765
5.6124e+05,2.5852e+05,1.1592
5.6103e+05,2.5915e+05,1.1434
5.5975e+05,2.6053e+05,1.1301
5.5895e+05,2.6259e+05,1.1201
5.5874e+05,2.6476e+05,1.1132
5.5911e+05,2.6609e+05,1.109
5.5885e+05,2.6847e+05,1.1068
5.5805e+05,2.7095e+05,1.1063
5.5699e+05,2.7249e+05,1.1066
5.5699e+05,2.7482e+05,1.1074
5.5752e+05,2.7762e+05,1.1085
5.5927e+05,2.809e+05,1.1098
5.6022e+05,2.817e+05,1.1112
5.6393e+05,2.8312e+05,1.1126
5.644e+05,2.8355e+05,1.1138
5.644e+05,2.8397e+05,1.1148
5.6366e+05,2.845e+05,1.1153
5.6271e+05,2.845e+05,1.1151
5.5646e+05,2.8217e+05,1.114
5.4948e+05,2.8212e+05,1.1127
5.4477e+05,2.8133e+05,1.1123
5.4154e+05,2.8127e+05,1.1136
5.3636e+05,2.8233e+05,1.1171
5.3308e+05,2.8233e+05,1.1229
5.2974e+05,2.8143e+05,1.1307
5.263e+05,2.8138e+05,1.1402
5.2572e+05,2.8164e+05,1.151
5.2551e+05,2.8233e+05,1.163
5.263e+05,2.835e+05,1.1765
5.2778e+05,2.8413e+05,1.1918
5.281e+05,2.8582e+05,1.209
5.2863e+05,2.8662e+05,1.228
5.3302e+05,2.8609e+05,1.2483
5.3583e+05,2.8783e+05,1.2691
5.3667e+05,2.9101e+05,1.2898
5.3879e+05,2.9339e+05,1.309
5.3879e+05,2.9614e+05,1.3258
5.4117e+05,2.9895e+05,1.34
5.4117e+05,3.0022e+05,1.352
5.354e+05,3.0085e+05,1.362
5.272e+05,3.0112e+05,1.3702
5.2419e+05,3.0207e+05,1.377
5.1969e+05,3.0577e+05,1.3822
5.1614e+05,3.0678e+05,1.3854
5.109e+05,3.0556e+05,1.3862
5.0974e+05,3.0662e+05,1.3845
5.0873e+05,3.0694e+05,1.3805
5.0715e+05,3.053e+05,1.3748
5.0699e+05,3.0466e+05,1.3678
5.0905e+05,3.0297e+05,1.3594
5.1096e+05,3.0059e+05,1.3504
5.1164e+05,2.9852e+05,1.3415
5.1149e+05,2.9731e+05,1.3335
5.0979e+05,2.9535e+05,1.3272
5.081e+05,2.9429e+05,1.3228
5.0556e+05,2.9408e+05,1.3203
5.0318e+05,2.9461e+05,1.3193
5.0101e+05,2.9366e+05,1.3197
5.0138e+05,2.9276e+05,1.3215
5.0514e+05,2.891e+05,1.3243
5.0566e+05,2.8815e+05,1.3271
5.0561e+05,2.8672e+05,1.3296
5.0249e+05,2.8318e+05,1.3319
5.0122e+05,2.8249e+05,1.3342
4.9995e+05,2.8302e+05,1.3368
4.9958e+05,2.8371e+05,1.3399
4.9953e+05,2.8566e+05,1.3434
4.9852e+05,2.8656e+05,1.3468
4.9593e+05,2.8699e+05,1.3499
4.9466e+05,2.8651e+05,1.3524
4.9429e+05,2.8593e+05,1.355
4.9423e+05,2.8286e+05,1.359
4.9349e+05,2.818e+05,1.3647
4.9323e+05,2.8027e+05,1.3715
4.9259e+05,2.7974e+05,1.38
4.9069e+05,2.7963e+05,1.3907
4.8688e+05,2.818e+05,1.4036
4.8523e+05,2.8333e+05,1.418
4.847e+05,2.8555e+05,1.4334
4.8502e+05,2.9116e+05,1.4491
4.846e+05,2.9243e+05,1.4645
4.8301e+05,2.9254e+05,1.4787
4.8089e+05,2.9106e+05,1.4911
4.7952e+05,2.9106e+05,1.501
4.7708e+05,2.9317e+05,1.5081
4.7624e+05,2.9455e+05,1.5116
4.7581e+05,2.9603e+05,1.5099
4.7581e+05,2.9741e+05,1.503
4.7729e+05,2.9963e+05,1.4921
4.7729e+05,3.0111e+05,1.4777
4.7634e+05,3.0249e+05,1.4608
4.7645e+05,3.0397e+05,1.4423
4.7825e+05,3.0376e+05,1.4234
4.8068e+05,3.0196e+05,1.4048
4.8449e+05,3.0026e+05,1.3874
4.8544e+05,3.0048e+05,1.3719
4.8502e+05,3.0185e+05,1.3592
4.8386e+05,3.0249e+05,1.3502
4.8396e+05,3.0323e+05,1.3453
4.8502e+05,3.0386e+05,1.3445
4.8491e+05,3.0482e+05,1.3474
4.8089e+05,3.0492e+05,1.354
4.8015e+05,3.0556e+05,1.3637
4.8015e+05,3.0693e+05,1.3757
4.8068e+05,3.0746e+05,1.3891
4.8227e+05,3.0757e+05,1.403
4.828e+05,3.0788e+05,1.4166
4.8322e+05,3.0894e+05,1.4291
4.8121e+05,3.0947e+05,1.44
4.792e+05,3.0958e+05,1.449
4.7878e+05,3.1e+05,1.4553
4.7941e+05,3.1222e+05,1.4586
4.7941e+05,3.1318e+05,1.4582
4.7899e+05,3.136e+05,1.4539
4.7581e+05,3.136e+05,1.4462
4.7338e+05,3.1254e+05,1.4357
4.6904e+05,3.0736e+05,1.4231
4.6565e+05,3.0545e+05,1.4092
4.6406e+05,3.0556e+05,1.3949
4.6269e+05,3.0672e+05,1.381
4.6258e+05,3.0841e+05,1.3681
4.6301e+05,3.0905e+05,1.3566
4.6396e+05,3.0947e+05,1.346
4.6438e+05,3.1042e+05,1.3359
4.6449e+05,3.1233e+05,1.3265
4.6586e+05,3.1487e+05,1.318
4.6629e+05,3.1667e+05,1.3106
4.683e+05,3.1953e+05,1.3042
4.7041e+05,3.2069e+05,1.2991
4.7359e+05,3.2069e+05,1.2954
4.7507e+05,3.2037e+05,1.2943
4.7613e+05,3.2069e+05,1.2956
4.7782e+05,3.2344e+05,1.299
4.7793e+05,3.2588e+05,1.3038
4.7846e+05,3.2651e+05,1.3091
4.7983e+05,3.2641e+05,1.3139
4.8036e+05,3.2577e+05,1.3181
4.8036e+05,3.2355e+05,1.3222
4.8005e+05,3.2228e+05,1.3266
4.8036e+05,3.1995e+05,1.3312
4.8248e+05,3.1593e+05,1.3362
4.8756e+05,3.1148e+05,1.3417
4.9105e+05,3.0915e+05,1.3478
4.9253e+05,3.0884e+05,1.3536
4.9296e+05,3.0915e+05,1.3581
4.9359e+05,3.1159e+05,1.3596
4.9306e+05,3.1413e+05,1.3579
4.9116e+05,3.1614e+05,1.353
4.8841e+05,3.1857e+05,1.345
4.8597e+05,3.2016e+05,1.3343
4.8386e+05,3.2228e+05,1.3217
4.8375e+05,3.2482e+05,1.3073
4.8735e+05,3.2683e+05,1.2917
4.8767e+05,3.2757e+05,1.2748
4.8756e+05,3.282e+05,1.2568
4.8661e+05,3.3022e+05,1.2377
4.829e+05,3.318e+05,1.2175
4.8121e+05,3.3307e+05,1.1958
4.7909e+05,3.3593e+05,1.1736
4.7888e+05,3.3667e+05,1.152
4.7909e+05,3.372e+05,1.132
4.8068e+05,3.3815e+05,1.1138
4.8428e+05,3.3815e+05,1.098
4.8756e+05,3.3731e+05,1.085
4.9222e+05,3.3371e+05,1.0751
4.9486e+05,3.3117e+05,1.0686
4.9571e+05,3.2958e+05,1.0659
4.9603e+05,3.2672e+05,1.0667
4.9571e+05,3.2365e+05,1.0708
4.9603e+05,3.2185e+05,1.0777
4.9687e+05,3.2027e+05,1.0868
4.9761e+05,3.1953e+05,1.0978
4.991e+05,3.19e+05,1.1114
4.9952e+05,3.191e+05,1.1275
5.0079e+05,3.2058e+05,1.1459
5.0111e+05,3.2228e+05,1.1662
5.0068e+05,3.2482e+05,1.1883
5.0037e+05,3.2566e+05,1.2118
4.9888e+05,3.2746e+05,1.2356
4.9867e+05,3.2852e+05,1.2591
5.0079e+05,3.299e+05,1.2809
5.0037e+05,3.3106e+05,1.2997
4.9867e+05,3.3212e+05,1.3151
4.9708e+05,3.3424e+05,1.3275
4.9708e+05,3.3953e+05,1.3377
4.955e+05,3.4355e+05,1.347
4.9571e+05,3.4397e+05,1.3556
4.9708e+05,3.4376e+05,1.3634
4.9645e+05,3.4524e+05,1.3702
4.9666e+05,3.4577e+05,1.3756
4.9814e+05,3.4567e+05,1.3797
4.9973e+05,3.4493e+05,1.3819
4.9962e+05,3.463e+05,1.382
4.9846e+05,3.4927e+05,1.3805
4.9656e+05,3.5022e+05,1.3781
4.9518e+05,3.5159e+05,1.3761
4.9539e+05,3.5424e+05,1.3757
4.9772e+05,3.5583e+05,1.3778
4.9793e+05,3.5625e+05,1.3823
4.9783e+05,3.5657e+05,1.3884
4.9677e+05,3.5636e+05,1.395
4.9402e+05,3.5466e+05,1.4017
4.9402e+05,3.5424e+05,1.408
4.9296e+05,3.5392e+05,1.4134
4.919e+05,3.5435e+05,1.4174
4.9148e+05,3.5583e+05,1.4199
4.9169e+05,3.572e+05,1.4217
4.9275e+05,3.5816e+05,1.4236
4.9402e+05,3.6112e+05,1.4256
4.9719e+05,3.6218e+05,1.4276
4.973e+05,3.626e+05,1.429
4.9656e+05,3.6355e+05,1.429
4.9645e+05,3.6419e+05,1.4272
4.9677e+05,3.6493e+05,1.4236
4.9677e+05,3.6641e+05,1.4187
4.9867e+05,3.68e+05,1.4134
5.0142e+05,3.6863e+05,1.4092
5.0301e+05,3.6937e+05,1.4068
5.0418e+05,3.7064e+05,1.4071
5.0439e+05,3.7223e+05,1.4107
5.082e+05,3.7223e+05,1.4175
5.0904e+05,3.7181e+05,1.4268
5.1127e+05,3.716e+05,1.4378
5.1307e+05,3.7096e+05,1.4501
5.1381e+05,3.699e+05,1.4637
5.1518e+05,3.6948e+05,1.4784
5.1698e+05,3.698e+05,1.4936
5.1825e+05,3.7043e+05,1.5087
5.1825e+05,3.7297e+05,1.5231
5.1878e+05,3.734e+05,1.5357
5.1952e+05,3.734e+05,1.5453
5.2069e+05,3.7297e+05,1.5506
5.2174e+05,3.7213e+05,1.5511
5.2428e+05,3.7128e+05,1.547
5.2926e+05,3.7075e+05,1.5382
5.3264e+05,3.7086e+05,1.525
5.3487e+05,3.7022e+05,1.5077
5.3603e+05,3.681e+05,1.4871
5.3603e+05,3.6503e+05,1.4632
5.3741e+05,3.6165e+05,1.4363
5.4069e+05,3.5731e+05,1.4069
5.4302e+05,3.5562e+05,1.3765
5.4418e+05,3.5562e+05,1.346
5.4471e+05,3.5593e+05,1.3166
5.4482e+05,3.5678e+05,1.289
5.4238e+05,3.6101e+05,1.2637
5.4206e+05,3.6207e+05,1.2413
5.428e+05,3.6429e+05,1.2212
5.446e+05,3.6578e+05,1.2026
5.4767e+05,3.6567e+05,1.1855
5.5169e+05,3.6366e+05,1.1699
5.5371e+05,3.6398e+05,1.1563
5.5371e+05,3.6514e+05,1.1446
5.5201e+05,3.6757e+05,1.1351
5.5201e+05,3.6874e+05,1.1275
5.5381e+05,3.7033e+05,1.1218
5.5381e+05,3.7096e+05,1.1173
5.4894e+05,3.7075e+05,1.1138
5.4778e+05,3.7096e+05,1.111
5.4503e+05,3.7318e+05,1.109
5.4513e+05,3.7541e+05,1.1077
5.4577e+05,3.7646e+05,1.107
5.4757e+05,3.7805e+05,1.1075
5.5021e+05,3.7858e+05,1.1096
5.5529e+05,3.79e+05,1.1136
5.5677e+05,3.7964e+05,1.1191
5.5773e+05,3.807e+05,1.1255
5.5773e+05,3.8176e+05,1.1324
5.555e+05,3.8186e+05,1.1399
5.518e+05,3.807e+05,1.1481
5.4926e+05,3.8049e+05,1.1572
5.4831e+05,3.8091e+05,1.1672
5.4831e+05,3.8281e+05,1.1781
5.4259e+05,3.8207e+05,1.1901
5.4111e+05,3.8345e+05,1.2028
5.4069e+05,3.8472e+05,1.2164
5.4101e+05,3.8599e+05,1.2313
5.4249e+05,3.8737e+05,1.2473
5.4492e+05,3.8811e+05,1.2641
5.4968e+05,3.8811e+05,1.2812
5.5032e+05,3.8864e+05,1.2987
5.5e+05,3.9033e+05,1.3167
5.4746e+05,3.9477e+05,1.3351
5.4757e+05,3.9837e+05,1.3533
5.4905e+05,4.0102e+05,1.3712
5.4884e+05,4.0282e+05,1.3881
5.4503e+05,4.0652e+05,1.4039
5.4439e+05,4.0821e+05,1.418
5.445e+05,4.1012e+05,1.4294
5.4482e+05,4.1139e+05,1.4381
5.4534e+05,4.1213e+05,1.4435
5.464e+05,4.1277e+05,1.4449
5.4947e+05,4.134e+05,1.4425
5.4968e+05,4.1425e+05,1.4368
5.4937e+05,4.1626e+05,1.4279
5.4736e+05,4.1806e+05,1.4164
5.4672e+05,4.1806e+05,1.4021
5.464e+05,4.1732e+05,1.386
5.4418e+05,4.1763e+05,1.3689
5.4386e+05,4.1816e+05,1.3513
5.4386e+05,4.2017e+05,1.3338
5.4407e+05,4.2081e+05,1.3169
5.445e+05,4.2102e+05,1.3007
5.4479e+05,4.2272e+05,1.2855
5.4382e+05,4.2272e+05,1.2719
5.4215e+05,4.2493e+05,1.2602
5.4109e+05,4.2696e+05,1.2508
5.4047e+05,4.2907e+05,1.2435
5.4047e+05,4.3004e+05,1.2382
5.4091e+05,4.3093e+05,1.235
5.4364e+05,4.3322e+05,1.2334
5.4417e+05,4.3384e+05,1.2333
5.4417e+05,4.3437e+05,1.2339
5.4364e+05,4.3516e+05,1.2345
5.4153e+05,4.3419e+05,1.2346
5.3888e+05,4.3507e+05,1.2335
5.3774e+05,4.371e+05,1.2312
5.3738e+05,4.3922e+05,1.228
5.3668e+05,4.3992e+05,1.2249
5.3491e+05,4.4072e+05,1.2214
5.3139e+05,4.4098e+05,1.2174
5.2962e+05,4.4204e+05,1.2133
5.2777e+05,4.4204e+05,1.2098
5.2583e+05,4.4319e+05,1.2072
5.2213e+05,4.4671e+05,1.2057
5.2089e+05,4.4698e+05,1.2061
5.1966e+05,4.4565e+05,1.2087
5.193e+05,4.4442e+05,1.2134
5.193e+05,4.4204e+05,1.2206
5.1481e+05,4.3551e+05,1.2305
5.1489e+05,4.3241e+05,1.2425
5.1415e+05,4.2892e+05,1.2556
5.1257e+05,4.2532e+05,1.269
5.1161e+05,4.25e+05,1.2814
5.1055e+05,4.2553e+05,1.2935
5.0992e+05,4.2627e+05,1.305
5.0971e+05,4.286e+05,1.3156
5.0717e+05,4.3082e+05,1.3245
5.0727e+05,4.3177e+05,1.3312
5.078e+05,4.3273e+05,1.335
5.078e+05,4.3389e+05,1.335
5.0516e+05,4.341e+05,1.3316
5.0114e+05,4.3198e+05,1.3255
5.0092e+05,4.3071e+05,1.3166
5.0177e+05,4.2976e+05,1.3041
5.0188e+05,4.286e+05,1.2894
5.0188e+05,4.2828e+05,1.2734
5.0135e+05,4.2807e+05,1.2572
5.005e+05,4.2807e+05,1.2416
4.986e+05,4.2944e+05,1.2271
4.9685e+05,4.3e+05,1.2144
4.9759e+05,4.2746e+05,1.204
4.9881e+05,4.2595e+05,1.1959
4.9955e+05,4.2352e+05,1.19
4.9955e+05,4.2024e+05,1.1866
5.0039e+05,4.1749e+05,1.1862
5.0039e+05,4.1622e+05,1.1877
5.0124e+05,4.1537e+05,1.1904
5.0124e+05,4.0997e+05,1.1943
5.0008e+05,4.0912e+05,1.2001
4.9912e+05,4.1166e+05,1.2076
4.9733e+05,4.1198e+05,1.2169
4.969e+05,4.1135e+05,1.2281
4.9616e+05,4.1092e+05,1.2407
4.9489e+05,4.1082e+05,1.2543
4.9373e+05,4.0944e+05,1.2673
4.9225e+05,4.0881e+05,1.2791
4.9277e+05,4.0764e+05,1.2906
4.9383e+05,4.0711e+05,1.3021
4.9457e+05,4.0616e+05,1.3132
4.9828e+05,4.0584e+05,1.3231
4.9912e+05,4.0521e+05,1.332
4.9912e+05,4.0426e+05,1.3399
4.9838e+05,4.0256e+05,1.3467
4.9616e+05,4.0023e+05,1.3522
4.9584e+05,3.9928e+05,1.3558
4.9616e+05,3.9854e+05,1.3569
4.9733e+05,3.9748e+05,1.3548
4.9733e+05,3.9706e+05,1.3495
4.969e+05,3.9484e+05,1.3404
4.9606e+05,3.9325e+05,1.328
4.9574e+05,3.9314e+05,1.3127
4.932e+05,3.9325e+05,1.2939
4.9246e+05,3.9378e+05,1.2722
4.9182e+05,3.9558e+05,1.2486
4.9161e+05,3.9759e+05,1.2243
4.9119e+05,3.9822e+05,1.2002
4.8791e+05,3.9801e+05,1.177
4.8653e+05,3.9568e+05,1.1551
4.859e+05,3.9346e+05,1.1345
4.8463e+05,3.923e+05,1.1156
4.8346e+05,3.9251e+05,1.0988
4.8156e+05,3.9431e+05,1.0844
4.8103e+05,3.9674e+05,1.0724
4.805e+05,3.9738e+05,1.0642
4.8018e+05,3.9854e+05,1.0601
4.8007e+05,4.0087e+05,1.0599
4.788e+05,4.0373e+05,1.0638
4.788e+05,4.0489e+05,1.0711
4.8039e+05,4.0542e+05,1.0804
4.8145e+05,4.0616e+05,1.0909
4.8145e+05,4.0785e+05,1.1016
4.7997e+05,4.1145e+05,1.1119
4.7997e+05,4.1209e+05,1.1216
4.8166e+05,4.1272e+05,1.1312
4.8272e+05,4.1188e+05,1.1412
4.8346e+05,4.1071e+05,1.1515
4.8346e+05,4.0997e+05,1.1618
4.8399e+05,4.0955e+05,1.1719
4.8568e+05,4.105e+05,1.1811
4.8579e+05,4.1145e+05,1.1896
4.8494e+05,4.1251e+05,1.1971
4.8452e+05,4.1399e+05,1.2032
4.8431e+05,4.1547e+05,1.208
4.8463e+05,4.1727e+05,1.2123
4.8399e+05,4.1897e+05,1.2166
4.8304e+05,4.2045e+05,1.2212
4.8166e+05,4.214e+05,1.2262
4.8082e+05,4.2246e+05,1.2312
4.8039e+05,4.2246e+05,1.2357
4.7902e+05,4.2098e+05,1.2389
4.7859e+05,4.1992e+05,1.2407
4.7775e+05,4.1907e+05,1.2418
4.7552e+05,4.1918e+05,1.2425
4.7468e+05,4.195e+05,1.2422
4.7351e+05,4.2055e+05,1.24
4.7277e+05,4.2204e+05,1.2361
4.7192e+05,4.2606e+05,1.2313
4.6991e+05,4.287e+05,1.2259
4.7002e+05,4.3177e+05,1.2202
4.6907e+05,4.3378e+05,1.214
4.6981e+05,4.3696e+05,1.2077
4.6938e+05,4.3908e+05,1.2017
4.6843e+05,4.3939e+05,1.1963
4.6208e+05,4.395e+05,1.1919
4.6039e+05,4.3929e+05,1.1891
4.5912e+05,4.3833e+05,1.188
4.5838e+05,4.3749e+05,1.1887
4.587e+05,4.3304e+05,1.1906
4.5891e+05,4.3251e+05,1.1945
4.6081e+05,4.3082e+05,1.201
4.5975e+05,4.286e+05,1.2101
4.5933e+05,4.2828e+05,1.2212
4.569e+05,4.2807e+05,1.2336
4.5658e+05,4.2595e+05,1.2464
4.569e+05,4.2362e+05,1.2597
4.5626e+05,4.2299e+05,1.2731
4.5584e+05,4.2193e+05,1.287
4.5129e+05,4.1886e+05,1.3015
4.5044e+05,4.1759e+05,1.3161
4.5055e+05,4.1653e+05,1.33
4.5118e+05,4.1537e+05,1.3424
4.5404e+05,4.1389e+05,1.3523
4.5404e+05,4.1304e+05,1.3605
4.4981e+05,4.1272e+05,1.3668
4.4832e+05,4.1156e+05,1.3709
4.4748e+05,4.1039e+05,1.3728
4.4769e+05,4.0934e+05,1.373
4.4822e+05,4.086e+05,1.3719
4.4991e+05,4.0722e+05,1.3701
4.5108e+05,4.0711e+05,1.3674
4.5224e+05,4.0648e+05,1.3635
4.5224e+05,4.0606e+05,1.3576
4.5287e+05,4.0542e+05,1.3493
4.5351e+05,4.0542e+05,1.339
4.5425e+05,4.0595e+05,1.3275
4.5584e+05,4.0595e+05,1.316
4.569e+05,4.069e+05,1.306
4.5817e+05,4.069e+05,1.2966
4.5848e+05,4.0733e+05,1.2876
4.5795e+05,4.086e+05,1.2791
4.5817e+05,4.0965e+05,1.2708
4.5954e+05,4.0944e+05,1.2623
4.6176e+05,4.0828e+05,1.2533
4.6229e+05,4.0669e+05,1.2438
4.6378e+05,4.0711e+05,1.2339
4.6367e+05,4.0457e+05,1.2239
4.6251e+05,4.0225e+05,1.2146
4.6124e+05,4.0161e+05,1.2064
4.5954e+05,4.0172e+05,1.1996
4.5848e+05,4.0129e+05,1.1938
4.5753e+05,3.9918e+05,1.1889
4.5743e+05,3.9801e+05,1.1836
4.5817e+05,3.9706e+05,1.1789
4.5901e+05,3.9674e+05,1.1751
4.6092e+05,3.9674e+05,1.1724
4.6187e+05,3.9727e+05,1.1714
4.6335e+05,3.9717e+05,1.1728
4.6526e+05,3.9653e+05,1.1769
4.6674e+05,3.9537e+05,1.1835
4.6663e+05,3.9251e+05,1.1924
4.6568e+05,3.9156e+05,1.2036
4.6483e+05,3.8965e+05,1.217
4.6483e+05,3.8542e+05,1.2321
4.642e+05,3.851e+05,1.2487
4.6113e+05,3.851e+05,1.2663
4.5975e+05,3.8595e+05,1.2846
4.5806e+05,3.8817e+05,1.3033
4.534e+05,3.906e+05,1.3226
4.4991e+05,3.9166e+05,1.3422
4.4504e+05,3.9198e+05,1.3616
4.4356e+05,3.9283e+05,1.3802
4.4293e+05,3.9515e+05,1.3972
4.4187e+05,3.9695e+05,1.4121
4.4187e+05,3.9822e+05,1.4251
4.4293e+05,3.9875e+05,1.4365
4.443e+05,4.0013e+05,1.4462
4.442e+05,4.0161e+05,1.454
4.4293e+05,4.0309e+05,1.4599
4.4282e+05,4.051e+05,1.4632
4.4176e+05,4.0722e+05,1.4639
4.4155e+05,4.0838e+05,1.4619
4.3806e+05,4.087e+05,1.4567
4.3732e+05,4.0965e+05,1.4479
4.3721e+05,4.1029e+05,1.4361
4.3922e+05,4.1452e+05,1.4219
4.389e+05,4.1622e+05,1.4061
4.3742e+05,4.1759e+05,1.3895
4.3753e+05,4.1833e+05,1.3722
4.3838e+05,4.1897e+05,1.3541
4.3933e+05,4.1897e+05,1.3353
4.3996e+05,4.2055e+05,1.3157
4.3986e+05,4.2182e+05,1.2954
4.388e+05,4.2384e+05,1.275
4.3859e+05,4.25e+05,1.2555
4.3954e+05,4.2574e+05,1.2378
4.4144e+05,4.25e+05,1.2238
4.424e+05,4.2585e+05,1.2142
4.4229e+05,4.2627e+05,1.2091
4.4102e+05,4.2743e+05,1.2085
4.388e+05,4.2807e+05,1.212
4.3467e+05,4.286e+05,1.2189
4.333e+05,4.2955e+05,1.2288
4.2938e+05,4.341e+05,1.2421
4.2578e+05,4.3664e+05,1.2588
4.2388e+05,4.3781e+05,1.279
4.189e+05,4.3897e+05,1.3026
4.171e+05,4.4066e+05,1.3295
4.1679e+05,4.4225e+05,1.3591
4.1562e+05,4.4447e+05,1.3905
4.1509e+05,4.4712e+05,1.4227
4.1329e+05,4.486e+05,1.4539
4.0504e+05,4.4818e+05,1.4841
4.0239e+05,4.4733e+05,1.5127
4.008e+05,4.4733e+05,1.5398
3.9509e+05,4.486e+05,1.5649
3.9361e+05,4.486e+05,1.5881
3.8535e+05,4.4712e+05,1.6089
3.8472e+05,4.4648e+05,1.627
3.8472e+05,4.4553e+05,1.642
3.8546e+05,4.4331e+05,1.6536
3.8726e+05,4.4087e+05,1.6616
3.8758e+05,4.396e+05,1.6663
3.8736e+05,4.3823e+05,1.6677
3.8091e+05,4.3654e+05,1.6661
3.7742e+05,4.3643e+05,1.662
3.7392e+05,4.3495e+05,1.6563
3.7107e+05,4.3304e+05,1.6485
3.6831e+05,4.305e+05,1.6395
3.6355e+05,4.232e+05,1.6296
3.6038e+05,4.1992e+05,1.6194
3.5995e+05,4.1928e+05,1.6097
3.5974e+05,4.1664e+05,1.6015
3.5942e+05,4.1622e+05,1.5959
3.5794e+05,4.1632e+05,1.5926
3.535e+05,4.1759e+05,1.5914
3.5064e+05,4.1897e+05,1.5919
3.4778e+05,4.214e+05,1.5937
3.4662e+05,4.2384e+05,1.5962
3.4598e+05,4.2426e+05,1.5989
3.4492e+05,4.2447e+05,1.6014
3.4387e+05,4.2352e+05,1.603
3.4291e+05,4.2246e+05,1.6038
3.4302e+05,4.195e+05,1.6035
3.4376e+05,4.1844e+05,1.6019
3.4503e+05,4.178e+05,1.5986
3.4482e+05,4.1653e+05,1.5924
3.4249e+05,4.1484e+05,1.5824
3.4164e+05,4.1378e+05,1.5671
3.4154e+05,4.123e+05,1.5476
3.4302e+05,4.0987e+05,1.5247
3.4598e+05,4.0743e+05,1.4992
3.4619e+05,4.0616e+05,1.4719
3.4948e+05,4.0426e+05,1.4436
3.535e+05,4.032e+05,1.4152
3.5837e+05,4.0129e+05,1.3873
3.6196e+05,4.0076e+05,1.3609
3.6472e+05,3.9918e+05,1.3361
3.6842e+05,3.9865e+05,1.3128
3.6609e+05,3.9399e+05,1.2906
3.6493e+05,3.9272e+05,1.27
3.6514e+05,3.9145e+05,1.2522
3.6778e+05,3.905e+05,1.238
3.6937e+05,3.8902e+05,1.2279
3.7054e+05,3.8944e+05,1.2211
3.7096e+05,3.8997e+05,1.2175
3.7159e+05,3.924e+05,1.2164
3.7297e+05,3.9505e+05,1.2175
3.7392e+05,3.959e+05,1.2203
3.7689e+05,3.9399e+05,1.2245
3.7816e+05,3.9261e+05,1.2295
3.7826e+05,3.9209e+05,1.2343
3.8091e+05,3.9082e+05,1.2384
3.8165e+05,3.9007e+05,1.2417
3.8197e+05,3.8701e+05,1.2444
3.826e+05,3.8542e+05,1.2461
3.844e+05,3.8394e+05,1.2459
3.8662e+05,3.8288e+05,1.2437
3.9139e+05,3.8161e+05,1.2395
3.9202e+05,3.8034e+05,1.2336
3.917e+05,3.7928e+05,1.2266
3.8948e+05,3.7875e+05,1.2187
3.8683e+05,3.7907e+05,1.2104
3.8493e+05,3.7991e+05,1.202
3.8419e+05,3.7843e+05,1.1938
3.8207e+05,3.7695e+05,1.1866
3.8186e+05,3.7621e+05,1.181
3.8493e+05,3.7536e+05,1.1773
3.8789e+05,3.7293e+05,1.1756
3.8863e+05,3.7198e+05,1.1757
3.9096e+05,3.7102e+05,1.1774
3.9139e+05,3.7028e+05,1.1804
3.9096e+05,3.688e+05,1.1841
3.8863e+05,3.6616e+05,1.1886
3.8842e+05,3.6542e+05,1.1941
3.8683e+05,3.634e+05,1.2004
3.8377e+05,3.6118e+05,1.207
3.8175e+05,3.5875e+05,1.2138
3.7742e+05,3.5536e+05,1.2204
3.7625e+05,3.5547e+05,1.2266
3.7562e+05,3.561e+05,1.2315
3.7519e+05,3.5727e+05,1.2352
3.7572e+05,3.5864e+05,1.2381
3.7911e+05,3.6203e+05,1.2403
3.7996e+05,3.633e+05,1.2425
3.8091e+05,3.6573e+05,1.2451
3.8006e+05,3.6806e+05,1.2484
3.8038e+05,3.706e+05,1.2528
3.7921e+05,3.7166e+05,1.258
3.7763e+05,3.7177e+05,1.2641
3.771e+05,3.7113e+05,1.2707
3.7667e+05,3.6933e+05,1.2776
3.7562e+05,3.6827e+05,1.2846
3.7297e+05,3.669e+05,1.2918
3.68e+05,3.6309e+05,1.2991
3.6715e+05,3.6288e+05,1.3063
3.6588e+05,3.6319e+05,1.3129
3.6112e+05,3.6552e+05,1.3183
3.5942e+05,3.652e+05,1.3221
3.5847e+05,3.6436e+05,1.3236
3.5815e+05,3.6245e+05,1.3233
3.5837e+05,3.6108e+05,1.3216
3.5985e+05,3.5917e+05,1.3189
3.6101e+05,3.5822e+05,1.3152
3.6366e+05,3.5695e+05,1.3102
3.644e+05,3.5346e+05,1.3043
3.6323e+05,3.5145e+05,1.2979
3.6355e+05,3.4806e+05,1.2914
3.6556e+05,3.4404e+05,1.285
3.6673e+05,3.4277e+05,1.2788
3.6694e+05,3.4213e+05,1.2737
3.6673e+05,3.4086e+05,1.2697
3.6535e+05,3.3949e+05,1.2672
3.627e+05,3.3991e+05,1.2665
3.5434e+05,3.3493e+05,1.2678
3.5191e+05,3.3536e+05,1.2705
3.481e+05,3.3451e+05,1.274
3.4662e+05,3.3335e+05,1.2778
3.4598e+05,3.3239e+05,1.2818
3.4567e+05,3.306e+05,1.2857
3.4619e+05,3.2922e+05,1.2894
3.4873e+05,3.2594e+05,1.2923
3.4831e+05,3.2276e+05,1.2945
3.4905e+05,3.2181e+05,1.296
3.4895e+05,3.2118e+05,1.2972
3.4778e+05,3.198e+05,1.2983
3.4778e+05,3.1927e+05,1.2998
3.4852e+05,3.1885e+05,1.3028
3.4979e+05,3.1885e+05,1.3075
3.5096e+05,3.1842e+05,1.3131
3.4969e+05,3.1557e+05,1.3193
3.4842e+05,3.1472e+05,1.3262
3.4852e+05,3.1387e+05,1.3332
3.4916e+05,3.1345e+05,1.3397
3.4916e+05,3.125e+05,1.3458
3.4821e+05,3.1133e+05,1.3515
3.4662e+05,3.108e+05,1.3565
3.4355e+05,3.1112e+05,1.3604
3.4323e+05,3.108e+05,1.3626
3.4323e+05,3.0964e+05,1.3622
3.4355e+05,3.0911e+05,1.3584
3.4492e+05,3.0826e+05,1.3506
3.4556e+05,3.0678e+05,1.3369
3.4683e+05,3.0583e+05,1.3174
3.4821e+05,3.0541e+05,1.2935
3.4821e+05,3.0424e+05,1.2663
3.4757e+05,3.0318e+05,1.236
3.4598e+05,3.0149e+05,1.2043
3.4408e+05,3.0096e+05,1.1728
3.4249e+05,2.9885e+05,1.1418
3.4186e+05,2.9863e+05,1.1117
3.4111e+05,2.9906e+05,1.083
3.4027e+05,2.9885e+05,1.0563
3.3995e+05,2.9832e+05,1.0321
3.3974e+05,2.9546e+05,1.0113
3.3942e+05,2.9525e+05,0.99451
3.3889e+05,2.9567e+05,0.98226
3.3815e+05,2.9567e+05,0.97515
3.3625e+05,2.9504e+05,0.97299
3.3519e+05,2.9429e+05,0.97554
3.3476e+05,2.9324e+05,0.98219
3.3476e+05,2.9197e+05,0.99199
3.3625e+05,2.8869e+05,1.0033
3.3815e+05,2.8689e+05,1.0151
3.3836e+05,2.7599e+05,1.0272
3.3752e+05,2.7429e+05,1.0395
3.3667e+05,2.7461e+05,1.052
3.3582e+05,2.7556e+05,1.0649
3.336e+05,2.798e+05,1.0779
3.299e+05,2.8371e+05,1.0904
3.2926e+05,2.8488e+05,1.1019
3.2841e+05,2.8509e+05,1.1117
3.2672e+05,2.8488e+05,1.1198
3.2492e+05,2.854e+05,1.126
3.2429e+05,2.8625e+05,1.1295
3.2291e+05,2.8615e+05,1.1304
3.2291e+05,2.8562e+05,1.1297
3.2238e+05,2.8509e+05,1.1291
3.2143e+05,2.853e+05,1.1294
3.2005e+05,2.8667e+05,1.1308
3.172e+05,2.9144e+05,1.1334
3.1593e+05,2.926e+05,1.1369
3.1275e+05,2.926e+05,1.1407
3.0513e+05,2.9144e+05,1.1442
3.0174e+05,2.926e+05,1.1476
3.0037e+05,2.9482e+05,1.1509
2.9825e+05,2.9472e+05,1.1545
2.973e+05,2.944e+05,1.1582
2.9391e+05,2.908e+05,1.1624
2.9285e+05,2.9027e+05,1.1675
2.918e+05,2.9027e+05,1.1731
2.901e+05,2.9133e+05,1.1786
2.8957e+05,2.9228e+05,1.1832
2.8947e+05,2.9398e+05,1.1854
2.8799e+05,2.9504e+05,1.1849
2.865e+05,2.9461e+05,1.1813
2.8576e+05,2.9398e+05,1.1743
2.8545e+05,2.9302e+05,1.1648
2.8545e+05,2.9228e+05,1.1538
2.8587e+05,2.9165e+05,1.142
2.8566e+05,2.8964e+05,1.13
2.8439e+05,2.8794e+05,1.1182
2.8428e+05,2.8636e+05,1.1067
2.8566e+05,2.8456e+05,1.0957
2.8513e+05,2.8181e+05,1.0859
2.8672e+05,2.7884e+05,1.078
2.8682e+05,2.7789e+05,1.0727
2.8629e+05,2.7599e+05,1.0704
2.8386e+05,2.727e+05,1.072
2.8365e+05,2.7133e+05,1.0783
2.8375e+05,2.7059e+05,1.0897
2.8598e+05,2.6646e+05,1.1062
2.8746e+05,2.6519e+05,1.1268
2.8904e+05,2.6445e+05,1.1506
2.9264e+05,2.6381e+05,1.1761
2.991e+05,2.6339e+05,1.2022
3.0227e+05,2.6265e+05,1.2283
3.0365e+05,2.6202e+05,1.2538
3.0577e+05,2.6053e+05,1.2779
3.063e+05,2.5937e+05,1.2995
3.0598e+05,2.581e+05,1.3176
3.0376e+05,2.5535e+05,1.3315
3.0365e+05,2.5376e+05,1.3406
3.0428e+05,2.527e+05,1.345
3.0619e+05,2.5355e+05,1.344
3.0778e+05,2.5387e+05,1.3371
3.0968e+05,2.5376e+05,1.3246
3.1127e+05,2.5323e+05,1.3074
3.136e+05,2.5016e+05,1.2867
3.137e+05,2.473e+05,1.2641
3.1413e+05,2.4635e+05,1.2412
3.1624e+05,2.4625e+05,1.2188
3.1783e+05,2.4572e+05,1.1976
3.2312e+05,2.417e+05,1.1784
3.2577e+05,2.4032e+05,1.16
